序号,代码,名称,最近上榜日,收盘价,涨跌幅,上榜次数,龙虎榜净买额,龙虎榜买入额,龙虎榜卖出额,龙虎榜总成交额,买方机构次数,卖方机构次数,机构买入净额,机构买入总额,机构卖出总额,近1个月涨跌幅,近3个月涨跌幅,近6个月涨跌幅,近1年涨跌幅
1,300766,每日互动,2025-02-24,51.4,-15.0132,17,-510259315.69,13059610365.67,13569869681.36,26629480047.03,3,3,-29448885.53,187960767.82,217409653.35,166.32124352,246.82860999,471.74638487,345.40727903
2,002261,拓维信息,2025-02-25,37.37,-9.9952,16,553122510.77,14869522320.27,14316399809.5,29185922129.77,8,9,-87904242.3,922886688.26,1010790930.56,112.81321185,70.71722248,246.01851852,159.69423211
3,688316,青云科技,2025-02-24,83.15,-15.1531,16,749953327.16,3025166673.32,2275213346.16,5300380019.48,1,2,-14572085.62,20919897.41,35491983.03,154.90496628,118.29876608,228.65612648,121.79247799
4,600225,退市卓朗,2025-02-26,0.28,12.0,15,-16135603.86,78562892.41,94698496.27,173261388.68,0,0,0.0,0.0,0.0,-77.41935484,-78.94736842,-80.41958042,-92.26519337
5,000818,航锦科技,2025-02-25,32.8,-9.989,14,34129715.2500012,18749471477.7,18715341762.45,37464813240.15,1,4,1347939.33000001,149553258.65,148205319.32,114.94102228,56.93779904,109.85284709,13.44865758
6,688158,优刻得,2025-02-14,38.37,14.3666,14,7874908556.01,26977356314.06,19102447758.05,46079804072.11,2,1,250119171.12,306111611.82,55992440.7,205.49363057,143.31008243,309.93589744,248.81818182
7,300846,首都在线,2025-02-26,31.26,13.7141,13,488334138.239999,22683647669.75,22195313531.51,44878961201.26,10,10,-36957987.38,318404604.2,355362591.58,139.90790484,132.41635688,244.65270121,154.14634146
8,002123,梦网科技,2025-02-24,17.24,-9.6436,13,58523958.7000001,16986135396.45,16927611437.75,33913746834.2,2,2,-33947487.61,36364855.49,70312343.1,58.31037649,59.9257885,200.87260035,80.52356021
9,002031,巨轮智能,2025-02-26,10.5,0.3824,12,424793379.72,6885096239.28,6460302859.56,13345399098.84,11,11,-92078379.36,377158108.4,469236487.76,53.95894428,137.02031603,360.52631579,180.0
10,000856,冀东装备,2025-02-21,15.75,-6.5836,12,-19634806.23,1005859713.97,1025494520.2,2031354234.17,2,2,-1573115.11,64377208.89,65950324.0,99.36708861,99.11504425,175.34965035,147.64150943
11,839493,并行科技,2025-02-19,275.14,17.9593,11,-78462430.63,1348280645.24,1426743075.87,2775023721.11,1,2,-13005337.11,13207255.74,26212592.85,327.56798757,287.08497468,616.69705653,627.1141649
12,300251,光线传媒,2025-02-17,29.66,-14.5983,11,-901432663.36,24231421279.09,25132853942.45,49364275221.54,6,14,-1191750805.72,511202533.38,1702953339.1,231.76733781,228.4606866,314.82517483,293.38167293
13,600126,杭钢股份,2025-02-26,13.38,10.0329,10,-31163771.0899999,8375093034.97,8406256806.06,16781349841.03,0,3,-1697632770.58,0.0,1697632770.58,171.95121951,228.74692875,291.22807018,178.99001963
14,603956,威派格,2025-02-26,10.92,-0.7273,10,-174831288.93,891243891.54,1066075180.47,1957319072.01,0,0,0.0,0.0,0.0,100.36697248,93.61702128,145.94594595,66.3497081
15,833533,骏创科技,2025-02-26,65.81,-2.0685,10,-77668468.39,719582821.74,797251290.13,1516834111.87,0,0,0.0,0.0,0.0,80.15329866,107.53705456,644.71937245,328.11831095
16,920002,万达轴承,2025-02-26,188.5,30.0,10,-44586896.35,302799767.16,347386663.51,650186430.67,0,0,0.0,0.0,0.0,154.35163945,161.62820644,318.07284824,811.53588223
17,002691,冀凯股份,2025-02-24,10.92,-9.9753,10,99378672.6,656752884.16,557374211.56,1214127095.72,2,2,-3058327.3,9484672.0,12542999.3,29.53736655,84.7715736,132.8358209,98.18511797
18,301396,宏景科技,2025-02-24,52.05,-16.0755,10,-268336513.12,1374955779.89,1643292293.01,3018248072.9,20,20,-43181404.24,499929923.04,543111327.28,78.19239986,81.04347826,158.18452381,126.42494035
19,605398,新炬网络,2025-02-18,39.56,-7.6348,10,63817441.67,3089554302.49,3025736860.82,6115291163.31,0,1,-26212177.68,0.0,26212177.68,98.69412356,95.06903353,185.63176895,233.74088997
20,600355,精伦电子,2025-02-26,4.58,10.0962,9,-22373001.44,331582973.32,353955974.76,685538948.08,0,0,0.0,0.0,0.0,63.57142857,0.88105727,51.15511551,14.78696742
21,603211,晋拓股份,2025-02-19,20.14,4.9505,9,-114373185.62,328974609.16,443347794.78,772322403.94,0,0,0.0,0.0,0.0,28.69009585,18.19248826,44.26934097,53.94469886
22,600678,四川金顶,2025-02-26,8.62,5.2503,8,1378967.76,575542840.84,574163873.08,1149706713.92,0,0,0.0,0.0,0.0,40.16260163,18.73278237,67.37864078,67.05426357
23,002929,润建股份,2025-02-25,64.99,-8.4003,8,1050355856.18,3711463044.03,2661107187.85,6372570231.88,26,23,440805553.37,1369136239.35,928330685.98,93.48020244,121.88460225,157.18242976,92.28091329
24,002112,三变科技,2025-02-24,18.55,3.1702,8,-212843172.6,1446627698.88,1659470871.48,3106098570.36,17,20,20824191.34,589672961.05,568848769.71,44.80874317,66.51705566,117.97884841,128.65860594
25,603110,东方材料,2025-02-18,23.4,4.8387,8,109723409.64,697468271.46,587744861.82,1285213133.28,0,0,0.0,0.0,0.0,70.30567686,59.18367347,160.86956522,60.05471956
26,600120,浙江东方,2025-02-14,7.82,-10.0115,8,169926988.57,18193181292.94,18023254304.37,36216435597.31,0,0,0.0,0.0,0.0,84.86997636,59.26680244,120.28169014,116.89535367
27,601177,杭齿前进,2025-02-25,17.5,-2.1253,7,235590866.67,4821619154.38,4586028287.71,9407647442.09,0,2,-84954006.0,0.0,84954006.0,90.83969466,106.36792453,150.35765379,117.11006172
28,832662,方盛股份,2025-02-25,30.1,2.7304,7,3462230.29000001,191273171.95,187810941.66,379084113.61,0,0,0.0,0.0,0.0,37.63145862,12.90322581,257.90725327,142.3469438
29,603300,海南华铁,2025-02-24,10.5,5.2104,7,-344476588.83,3526039349.07,3870515937.9,7396555286.97,0,5,-983947591.46,0.0,983947591.46,103.88349515,93.37016575,138.0952381,63.66696849
30,603918,金桥信息,2025-02-21,21.13,-4.9055,7,789697540.95,2419584756.28,1629887215.33,4049471971.61,11,6,896171114.77,1113396813.43,217225698.66,74.33993399,42.48145651,138.21871477,47.33966608
31,002881,美格智能,2025-02-18,54.23,-10.0066,7,-462039318.779999,5928451930.0,6390491248.78,12318943178.78,0,9,-340499856.87,0.0,340499856.87,75.72909916,114.85736926,168.598316,180.3303778
32,000681,视觉中国,2025-02-14,27.52,-9.9771,7,-371913752.94,3412028641.16,3783942394.1,7195971035.26,7,7,-29611810.5,387117444.54,416729255.04,36.23762376,84.08026756,150.62911534,132.64512608
33,600186,莲花控股,2025-02-13,7.17,-10.0376,7,-209772292.32,2452002011.61,2661774303.93,5113776315.54,0,0,0.0,0.0,0.0,59.68819599,50.31446541,119.93865031,77.91563275
34,688620,安凯微,2025-02-11,18.66,-11.1851,7,-363983473.8,623650187.1,987633660.9,1611283848.0,0,2,-87450210.12,0.0,87450210.12,102.82608696,89.82706002,160.25104603,147.04504048
35,600633,浙数文化,2025-02-26,15.34,-1.2234,6,-359993685.69,1260613437.67,1620607123.36,2881220561.03,2,10,-591101262.8,80709558.12,671810820.92,52.78884462,43.23062558,88.7253636,43.83471043
36,600986,浙文互联,2025-02-24,8.99,-10.01,6,-241603872.69,2042331187.81,2283935060.5,4326266248.31,0,2,-91096072.4,0.0,91096072.4,54.46735395,48.4120033,130.35959799,81.78980324
37,838924,广脉科技,2025-02-21,43.58,29.9732,6,22592245.61,327313103.6,304720857.99,632033961.59,0,0,0.0,0.0,0.0,185.7704918,117.57363954,446.11528822,499.26735888
38,002861,瀛通通讯,2025-02-17,14.98,-9.1019,6,-178019944.82,418398478.11,596418422.93,1014816901.04,11,11,-22131219.95,111345396.18,133476616.13,28.25342466,12.80120482,45.57823129,121.67961484
39,603636,南威软件,2025-02-17,16.88,-7.6081,6,-54802655.02,836844538.54,891647193.56,1728491732.1,0,0,0.0,0.0,0.0,60.60894386,44.15029889,118.65284974,86.07934327
40,872953,国子软件,2025-02-14,60.34,-3.456,6,-26344618.17,260074334.49,286418952.66,546493287.15,1,4,-38829356.49,1000597.56,39829954.05,113.97163121,35.44332211,406.20805369,349.50812305
41,002369,卓翼科技,2025-02-26,12.47,-0.4789,5,502366917.36,1679284264.87,1176917347.51,2856201612.38,9,9,63958470.5,373751719.35,309793248.85,101.453958,97.93650794,232.53333333,202.66990291
42,600589,大位科技,2025-02-26,6.34,10.0694,5,-165036666.16,378323168.84,543359835.0,921683003.84,0,0,0.0,0.0,0.0,76.60167131,36.05150215,166.38655462,83.23699422
43,000710,贝瑞基因,2025-02-25,14.33,5.2902,5,78228928.16,541186292.95,462957364.79,1004143657.74,13,13,37247295.66,199881766.97,162634471.31,76.91358025,55.93035909,110.73529412,80.02512563
44,002065,东华软件,2025-02-25,13.16,-8.7379,5,901807241.27,4897578578.48,3995771337.21,8893349915.69,0,1,-130767653.43,0.0,130767653.43,85.09142053,58.55421687,201.14416476,133.95982712
45,600289,*ST信通,2025-02-25,4.85,4.9784,5,-9375517.04000003,353283760.68,362659277.72,715943038.4,0,0,0.0,0.0,0.0,75.09025271,170.94972067,297.54098361,214.93506494
46,600590,泰豪科技,2025-02-25,8.98,-2.3913,5,216532163.95,841970910.32,625438746.37,1467409656.69,4,2,-2728211.06,170256462.72,172984673.78,87.86610879,73.35907336,172.12121212,75.390625
47,000158,常山北明,2025-02-24,27.47,10.012,5,674832116.76,4298338860.18,3623506743.42,7921845603.6,6,6,-193612775.68,275645948.6,469258724.28,49.29347826,5.69449788,297.5397974,227.02380952
48,600797,浙大网新,2025-02-24,11.67,9.9906,5,-78027856.79,1110042526.98,1188070383.77,2298112910.75,3,1,29351263.8,98410077.72,69058813.92,87.62057878,68.6416185,155.36105033,111.011269
49,605488,福莱新材,2025-02-24,56.25,-10.0,5,107997014.38,9170503764.11,9062506749.73,18233010513.84,4,2,61362698.71,88644286.76,27281588.05,65.44117647,278.95708654,379.15590942,385.53291093
50,603086,先达股份,2025-02-20,5.71,-2.8912,5,62347018.39,304458879.71,242111861.32,546570741.03,3,0,37133461.7,37133461.7,0.0,30.96330275,23.32613391,53.49462366,54.74254743
51,300718,长盛轴承,2025-02-19,98.77,19.9976,5,152158633.200001,61641634149.17,61489475515.97,123131109665.14,9,9,-116247878.44,490516438.92,606764317.36,148.22819804,473.57723577,686.64070053,645.78573247
52,600410,华胜天成,2025-02-19,10.88,0.9276,5,-156739585.73,1167451803.61,1324191389.34,2491643192.95,0,0,0.0,0.0,0.0,45.45454545,101.48148148,186.31578947,129.53586498
53,603716,塞力医疗,2025-02-19,10.72,-3.0741,5,18533150.7,334452474.31,315919323.61,650371797.92,3,0,52153433.0,52153433.0,0.0,53.36194564,26.11764706,52.92439372,76.31578947
54,002757,南兴股份,2025-02-18,23.01,9.9904,5,289239028.56,1108583196.88,819344168.32,1927927365.2,19,17,35896686.57,433111198.25,397214511.68,51.38157895,39.62378641,107.05459897,104.03406897
55,300344,立方数科,2025-02-18,10.75,19.9777,5,167603514.51,749797862.2,582194347.69,1331992209.89,12,12,-59446792.12,258862266.2,318309058.32,36.76844784,82.20338983,221.85628743,257.14285714
56,000785,居然智家,2025-02-17,5.01,-10.0539,5,-359514581.45,1141310655.93,1500825237.38,2642135893.31,6,8,-223098439.53,170212510.67,393310950.2,39.16666667,81.52173913,102.01612903,68.07218531
57,835305,云创数据,2025-02-14,45.13,29.9827,5,33711627.11,302129143.46,268417516.35,570546659.81,1,1,10706232.8,31999853.83,21293621.03,169.75493126,97.16033202,347.71825397,300.44365572
58,920108,宏海科技,2025-02-13,19.22,-8.2139,5,19102987.54,137250707.55,118147720.01,255398427.56,0,0,0.0,0.0,0.0,245.06283662,245.06283662,245.06283662,245.06283662
59,002036,联创电子,2025-02-12,13.16,-2.6627,5,-161264409.68,1730395747.43,1891660157.11,3622055904.54,6,6,149175150.12,368261190.08,219086039.96,51.26436782,15.74318382,103.71517028,96.12518629
60,002530,金财互联,2025-02-12,13.09,10.0,5,-111255918.45,1070033989.09,1181289907.54,2251323896.63,1,1,-5193485.32,30721207.68,35914693.0,43.68825467,57.71084337,95.6651719,101.38461538
61,002354,天娱数科,2025-02-11,8.16,1.3665,5,21678735.92,1849490994.9,1827812258.98,3677303253.88,5,5,20323814.0,171584866.0,151261052.0,39.96569468,110.30927835,201.10701107,115.30343008
62,839946,华阳变速,2025-02-11,10.26,-8.6376,5,-55523.2299999949,157776217.81,157831741.04,315607958.85,0,0,0.0,0.0,0.0,58.08936826,2.08955224,103.97614314,140.28103044
63,870976,视声智能,2025-02-11,29.33,7.7913,5,-30814407.06,98910132.34,129724539.4,228634671.74,0,0,0.0,0.0,0.0,54.36842105,44.15727863,235.27982451,246.58299046
64,002730,电光科技,2025-02-07,22.08,2.9851,5,-99806282.53,658998142.03,758804424.56,1417802566.59,6,6,46329241.91,180830396.31,134501154.4,46.90618762,181.27388535,242.85714286,288.96223017
65,001306,夏厦精密,2025-02-26,93.98,8.1473,4,77466957.98,458258235.12,380791277.14,839049512.26,14,14,22188196.46,267101581.17,244913384.71,36.28190255,56.27148245,107.19372013,61.36709036
66,002052,*ST同洲,2025-02-26,4.29,-5.0885,4,-40848414.75,110828686.98,151677101.73,262505788.71,5,5,2322000.14,26800704.98,24478704.84,-29.55665025,-10.81081081,130.64516129,111.33004926
67,002599,盛通股份,2025-02-26,13.62,3.8902,4,-70308342.06,728261672.59,798570014.65,1526831687.24,13,13,84433072.85,385040013.03,300606940.18,67.73399015,86.06557377,190.40511727,150.33827234
68,002896,中大力德,2025-02-26,105.7,10.001,4,-93492473.9500001,1499643956.77,1593136430.72,3092780387.49,9,10,7943202.68000001,504734542.76,496791340.08,94.98247556,226.5369169,338.58921162,245.32704859
69,300245,天玑科技,2025-02-26,25.14,20.0,4,171768276.54,1303979335.11,1132211058.57,2436190393.68,16,16,113975761.69,730673300.33,616697538.64,84.85294118,108.45771144,326.82512733,282.64840183
70,603388,ST元成,2025-02-26,3.17,-5.0898,4,-25183582.4,60001486.4,85185068.8,145186555.2,0,0,0.0,0.0,0.0,32.63598326,14.85507246,77.09497207,-45.34482759
71,603990,麦迪科技,2025-02-26,16.27,4.8325,4,65300784.47,363580400.68,298279616.21,661860016.89,0,0,0.0,0.0,0.0,37.76460627,43.98230088,120.75983718,40.62229905
72,000096,广聚能源,2025-02-25,18.43,10.0299,4,-26025588.72,427856165.82,453881754.54,881737920.36,3,4,-11273787.09,37387903.91,48661691.0,62.66548985,48.74899112,100.10857763,79.33872815
73,000573,粤宏远A,2025-02-25,4.88,9.9099,4,-107674947.11,449712524.5,557387471.61,1007099996.11,10,10,35875630.82,205636042.82,169760412.0,-8.44277674,37.85310734,140.39408867,87.47809888
74,603004,鼎龙科技,2025-02-25,25.35,5.625,4,90509462.55,405543330.32,315033867.77,720577198.09,3,1,79011722.94,98418122.94,19406400.0,19.85815603,-16.61184211,65.68627451,17.70738836
75,603082,北自科技,2025-02-25,46.79,2.903,4,-47846219.03,232081822.04,279928041.07,512009863.11,1,0,7154132.0,7154132.0,0.0,17.85894207,40.08982036,69.40622737,22.26982887
76,000967,盈峰环境,2025-02-24,7.08,2.907,4,-407201674.19,669803591.66,1077005265.85,1746808857.51,3,0,93967450.4,93967450.4,0.0,49.36708861,44.19551935,71.84466019,57.4804154
77,002272,川润股份,2025-02-24,11.8,-2.237,4,-196372925.18,604521113.94,800894039.12,1405415153.06,12,12,-106843498.72,218770282.54,325613781.26,43.90243902,-0.25359256,158.20568928,152.96208127
78,301585,蓝宇股份,2025-02-24,54.2,8.0112,4,-10379563.62,236459181.94,246838745.56,483297927.5,17,14,-9347311.38,184795123.44,194142434.82,31.39393939,126.30480167,126.30480167,126.30480167
79,300276,三丰智能,2025-02-21,16.27,11.5147,4,732727782.51,2673645240.11,1940917457.6,4614562697.71,7,7,339677010.97,757193457.41,417516446.44,50.92764378,160.32,357.02247191,329.28759894
80,831175,派诺科技,2025-02-21,25.5,7.6858,4,-118858895.9,186894499.63,305753395.53,492647895.16,0,0,0.0,0.0,0.0,51.96662694,19.94355597,149.26686217,73.21073601
81,600193,创兴资源,2025-02-20,4.06,10.0271,4,24674634.0,96198487.0,71523853.0,167722340.0,0,0,0.0,0.0,0.0,30.96774194,18.71345029,21.55688623,33.1147541
82,600421,华嵘控股,2025-02-20,7.77,-9.1228,4,-10515636.52,63372559.0,73888195.52,137260754.52,0,0,0.0,0.0,0.0,22.36220472,-40.0925212,16.66666667,37.03703704
83,301459,丰茂股份,2025-02-19,70.66,14.0045,4,23637666.24,308947568.33,285309902.09,594257470.42,18,12,39541022.02,214546997.67,175005975.65,61.69336384,76.65,102.2323984,118.25766052
84,688393,安必平,2025-02-19,38.24,11.1951,4,-145468845.35,1701690705.28,1847159550.63,3548850255.91,0,0,0.0,0.0,0.0,118.26484018,100.84033613,150.42567125,149.26060856
85,002016,世荣兆业,2025-02-18,6.25,-6.994,4,-83512380.0,293833063.65,377345443.65,671178507.3,0,0,0.0,0.0,0.0,11.40819964,-27.82909931,0.80645161,43.31765888
86,002398,垒知集团,2025-02-18,6.25,10.0352,4,-90786387.76,346410408.58,437196796.34,783607204.92,4,4,-11840058.14,39176145.07,51016203.21,46.02803738,47.05882353,73.61111111,81.91268739
87,002717,岭南股份,2025-02-18,4.35,2.5943,4,-35377738.91,1056718181.55,1092095920.46,2148814102.01,11,11,-32795619.55,592844801.35,625640420.9,26.45348837,36.36363636,367.74193548,116.41791045
88,603881,数据港,2025-02-18,33.76,-9.9973,4,251678013.65,1938854117.76,1687176104.11,3626030221.87,1,5,-341813720.87,52024956.23,393838677.1,79.67003725,100.71343639,173.26535349,167.14665094
89,603803,瑞斯康达,2025-02-17,13.22,-10.0068,4,-91801779.79,575861668.0,667663447.79,1243525115.79,0,0,0.0,0.0,0.0,37.70833333,76.26666667,125.59726962,183.08351178
90,873167,新赣江,2025-02-17,36.5,29.9858,4,5981240.85,125203617.88,119222377.03,244425994.91,0,1,-5048457.18,0.0,5048457.18,90.00520562,124.28269501,214.37916224,222.77726245
91,000034,神州数码,2025-02-14,52.94,9.9938,4,817311936.2,2129637500.97,1312325564.77,3441963065.74,5,8,-34801894.96,318017372.52,352819267.48,72.44299674,39.60970464,136.9740376,116.47011936
92,300249,依米康,2025-02-14,18.75,3.022,4,146512995.37,807895887.63,661382892.26,1469278779.89,11,11,80767758.57,477674458.24,396906699.67,41.18975904,95.51616267,199.52076677,272.02380952
93,688244,永信至诚,2025-02-14,56.95,17.2293,4,103000810.57,2327170004.13,2224169193.56,4551339197.69,0,1,-25102310.52,0.0,25102310.52,135.13625103,77.58029311,144.84092863,137.44645221
94,300170,汉得信息,2025-02-12,25.22,19.981,4,-507896833.25,2731381751.85,3239278585.1,5970660336.95,9,9,-62784630.23,564680744.18,627465374.41,123.18584071,148.71794872,329.5838479,310.03945988
95,301596,瑞迪智驱,2025-02-11,153.68,-3.352,4,97899064.11,576797554.0,478898489.89,1055696043.89,6,3,62840935.0,104158186.0,41317251.0,52.29412348,31.91416309,116.17667745,492.90123457
96,002122,汇洲智能,2025-02-10,4.92,-6.9943,4,26396469.8299999,1100988991.37,1074592521.54,2175581512.91,4,4,-9943389.26000001,146249369.64,156192758.9,31.2,57.1884984,142.36453202,52.79503106
97,300790,宇瞳光学,2025-02-10,31.09,7.5406,4,-210812427.95,750488220.98,961300648.93,1711788869.91,1,4,-110716757.47,44153055.0,154869812.47,56.38832998,78.16618911,142.890625,216.89058735
98,301299,卓创资讯,2025-02-06,87.01,1.8256,4,-119177870.02,339992914.85,459170784.87,799163699.72,8,8,42548929.28,112792750.28,70243821.0,41.91813395,56.39647136,117.02109889,179.40003098
99,603042,华脉科技,2025-02-06,13.37,-0.816,4,-103453773.71,254287856.86,357741630.57,612029487.43,0,0,0.0,0.0,0.0,9.14285714,5.52486188,48.39067703,42.38551651
100,000816,智慧农业,2025-02-26,4.31,-6.1002,3,136047911.12,433844463.88,297796552.76,731641016.64,6,6,51575054.71,164139065.7,112564010.99,59.62962963,63.25757576,147.70114943,73.09236948
101,002910,庄园牧场,2025-02-26,11.95,10.0368,3,13765090.14,170558751.0,156793660.86,327352411.86,4,3,3002359.0,25979110.0,22976751.0,65.05524862,41.75563464,107.46527778,55.19480519
102,003021,兆威机电,2025-02-26,157.94,10.0014,3,607234080.33,1483657665.09,876423584.76,2360081249.85,9,9,247054843.0,477641122.62,230586279.62,56.57777337,111.06508085,303.11383359,252.85839639
103,300918,南山智尚,2025-02-26,21.0,3.7037,3,20462470.67,527729985.65,507267514.98,1034997500.63,8,8,25548749.11,330950520.76,305401771.65,101.53550864,85.18518519,176.6798419,119.83256235
104,301013,利和兴,2025-02-26,18.76,11.6667,3,254866631.9,701505072.86,446638440.96,1148143513.82,9,8,35942921.42,307780099.24,271837177.82,59.93179881,39.8956003,79.3499044,78.66666667
105,600203,福日电子,2025-02-26,13.0,6.82,3,60733491.45,571636708.93,510903217.48,1082539926.41,0,1,-9060767.0,0.0,9060767.0,52.40328253,15.04424779,124.91349481,152.42718447
106,603667,五洲新春,2025-02-26,53.2,10.0083,3,-437788030.59,1455671128.93,1893459159.52,3349130288.45,3,0,259700697.5,259700697.5,0.0,10.16773659,190.3930131,310.81081081,222.76935161
107,603800,洪田股份,2025-02-26,28.25,-9.5131,3,-90963977.18,276295138.8,367259115.98,643554254.78,4,3,-63865131.28,91756424.0,155621555.28,14.32618373,26.00356824,67.35781991,28.06259039
108,835207,众诚科技,2025-02-26,37.0,21.3115,3,9743724.8,158519485.55,148775760.75,307295246.3,0,0,0.0,0.0,0.0,107.86516854,51.70151702,371.93877551,257.40778703
109,873706,铁拓机械,2025-02-26,18.4,-3.9666,3,-45277060.51,78492988.98,123770049.49,202263038.47,0,0,0.0,0.0,0.0,39.92395437,6.54313839,120.35928144,181.73253419
110,920082,方正阀门,2025-02-26,16.45,9.1573,3,-2722913.34,54426634.8,57149548.14,111576182.94,1,1,2011534.78,2373630.2,362095.42,25.57251908,368.66096866,368.66096866,368.66096866
111,002290,禾盛新材,2025-02-25,23.87,-9.9925,3,1474450.39,363886242.61,362411792.22,726298034.83,8,9,63397794.4,206334575.93,142936781.53,51.45939086,43.36336336,104.54155955,124.55315146
112,002527,新时达,2025-02-25,18.31,1.7222,3,126788906.37,494002988.08,367214081.71,861217069.79,0,2,-10583042.0,0.0,10583042.0,85.88832487,112.65969803,216.23488774,114.90610329
113,300153,科泰电源,2025-02-25,35.55,7.7599,3,291265336.200002,10298262778.93,10006997442.73,20305260221.66,7,8,-7125912.38999999,421036933.98,428162846.37,104.42783209,348.86363636,560.78066914,510.82474227
114,301139,元道通信,2025-02-25,36.28,14.0163,3,100613279.31,437140985.62,336527706.31,773668691.93,12,12,21238534.63,286384054.44,265145519.81,60.31816173,55.04273504,85.76548899,48.67964819
115,301202,朗威股份,2025-02-25,54.52,-6.1618,3,100945490.07,378536097.5,277590607.43,656126704.93,15,12,113258389.07,319367444.5,206109055.43,35.92620294,59.92959812,126.91920169,119.79666153
116,301382,蜂助手,2025-02-25,55.5,16.4987,3,-491705656.4,588224779.3,1079930435.7,1668155215.0,2,9,-462665198.2,107511649.6,570176847.8,83.47107438,112.07489492,203.44450519,133.85240409
117,600602,云赛智联,2025-02-25,28.8,7.8248,3,726020211.63,1978836271.42,1252816059.79,3231652331.21,3,0,327946754.37,327946754.37,0.0,106.4516129,92.38476954,203.15789474,139.88102869
118,688343,云天励飞,2025-02-25,82.26,20.0,3,82795297.8700001,1432437455.1,1349642157.23,2782079612.33,1,0,55572510.78,55572510.78,0.0,61.99291059,121.18849153,255.18134715,110.92307692
119,000032,深桑达A,2025-02-24,31.32,10.0105,3,467224396.56,1970231679.32,1503007282.76,3473238962.08,3,2,142603696.35,247462085.4,104858389.05,92.73846154,65.88983051,152.37711523,67.09272636
120,002779,中坚科技,2025-02-24,133.25,-9.9966,3,134550590.26,631149223.48,496598633.22,1127747856.7,15,12,128047028.78,428831108.98,300784080.2,44.19435126,126.7699115,305.26155718,319.44030227
121,301157,华塑科技,2025-02-24,63.87,4.8596,3,-38554302.31,119108478.49,157662780.8,276771259.29,8,9,-43441046.21,49714724.15,93155770.36,22.59117083,62.51908397,110.44481054,101.75030185
122,900901,云赛B股,2025-02-24,0.881,9.9875,3,1658606.67,4822845.12,3164238.45,7987083.57,0,0,0.0,0.0,0.0,40.2866242,35.33026114,87.44680851,57.36697896
123,300738,奥飞数据,2025-02-21,23.9,19.9799,3,59192824.9500001,1561981873.39,1502789048.44,3064770921.83,4,4,174108031.97,412311456.37,238203424.4,83.84615385,83.00153139,164.67331118,179.75414555
124,603315,福鞍股份,2025-02-21,13.74,-7.35,3,4263943.31999999,219985261.0,215721317.68,435706578.68,0,0,0.0,0.0,0.0,24.68239564,31.73537872,51.82320442,52.78859398
125,605255,天普股份,2025-02-21,17.23,-6.5618,3,-22672073.49,81560530.56,104232604.05,185793134.61,0,0,0.0,0.0,0.0,29.8417483,29.96647673,37.52148009,51.84301608
126,871478,巨能股份,2025-02-21,36.66,5.2239,3,3371586.05,81924237.01,78552650.96,160476887.97,0,0,0.0,0.0,0.0,20.27559055,36.48548027,186.40625,112.3986095
127,002213,大为股份,2025-02-20,19.19,4.2935,3,-5579803.83999997,535967126.56,541546930.4,1077514056.96,6,6,53664937.0,233812175.0,180147238.0,37.46418338,64.43873179,109.49781659,122.62180974
128,601921,浙版传媒,2025-02-20,9.65,10.0342,3,-61572268.64,140907416.36,202479685.0,343387101.36,0,2,-63294390.0,0.0,63294390.0,30.75880759,22.30671736,10.91954023,32.79107509
129,603270,金帝股份,2025-02-20,25.27,2.7236,3,-50157280.97,194606840.48,244764121.45,439370961.93,1,0,7973889.0,7973889.0,0.0,20.79349904,36.05762299,44.22478278,22.32313473
130,603789,星光农机,2025-02-20,7.66,-7.8219,3,-31247120.97,53594715.33,84841836.3,138436551.63,0,0,0.0,0.0,0.0,0.3931848,-9.7762073,12.97935103,29.83050847
131,002520,日发精机,2025-02-19,8.16,5.4264,3,88328766.51,612192134.25,523863367.74,1136055501.99,9,9,18382531.8,332893277.66,314510745.86,35.32338308,69.64656965,119.35483871,109.23076923
132,603286,日盈电子,2025-02-19,29.81,10.0,3,83734997.46,374185942.46,290450945.0,664636887.46,0,0,0.0,0.0,0.0,61.04808212,61.48429036,86.42901814,126.10485242
133,900945,海控B股,2025-02-19,0.277,9.9206,3,153127.29,625388.71,472261.42,1097650.13,0,0,0.0,0.0,0.0,-15.29051988,-5.46075085,60.11560694,52.1978022
134,300478,杭州高新,2025-02-18,16.2,4.3142,3,21913998.6,232425711.76,210511713.16,442937424.92,3,3,18745336.5,30778669.0,12033332.5,84.51025057,52.83018868,121.91780822,103.51758794
135,600892,大晟文化,2025-02-18,3.91,10.1408,3,58510003.47,117827762.0,59317758.53,177145520.53,0,2,-10379795.0,0.0,10379795.0,8.91364903,-16.27408994,-2.73631841,5.39083558
136,603039,泛微网络,2025-02-18,71.91,-10.0,3,-21299352.8,350342706.24,371642059.04,721984765.28,4,3,2742721.68000001,85814913.0,83072191.32,53.0651341,24.28275147,160.17768708,102.22313429
137,300078,思创医惠,2025-02-17,5.27,15.0655,3,-98877094.77,454448621.94,553325716.71,1007774338.65,6,6,87566648.95,229079150.78,141512501.83,82.98611111,48.8700565,84.26573427,147.41784038
138,430300,辰光医疗,2025-02-17,19.0,13.7725,3,-3437079.71000001,83421981.52,86859061.23,170281042.75,0,0,0.0,0.0,0.0,51.51515152,47.28682171,161.70798898,80.78020932
139,600696,岩石股份,2025-02-17,11.86,4.2179,3,-9442026.64,43472421.35,52914447.99,96386869.34,0,0,0.0,0.0,0.0,4.49339207,-22.12738017,28.63340564,7.1364047
140,600843,上工申贝,2025-02-17,15.8,2.3316,3,52059297.87,623053897.94,570994600.07,1194048498.01,0,0,0.0,0.0,0.0,29.61443806,26.70408982,88.54415274,301.86032966
141,300287,飞利信,2025-02-14,7.19,20.0334,3,192268554.78,716488074.19,524219519.41,1240707593.6,1,1,-11880594.0,1797932.0,13678526.0,82.95165394,26.14035088,197.10743802,170.30075188
142,002364,中恒电气,2025-02-13,17.51,9.9874,3,78769929.0,859382878.44,780612949.44,1639995827.88,10,10,-20968284.27,405342482.49,426310766.76,24.71509972,136.62162162,191.34775374,272.87466656
143,430556,雅达股份,2025-02-13,14.4,23.8177,3,-109401605.64,109172905.54,218574511.18,327747416.72,0,0,0.0,0.0,0.0,98.62068966,62.71186441,230.27522936,225.16463436
144,600811,东方集团,2025-02-13,2.37,10.2326,3,95999677.76,270674054.3,174674376.54,445348430.84,0,0,0.0,0.0,0.0,15.6097561,-29.8816568,70.50359712,47.20496894
145,603893,瑞芯微,2025-02-13,169.96,-8.1397,3,510349766.65,1934465207.4,1424115440.75,3358580648.15,5,6,-408514503.01,338414860.9,746929363.91,34.05951437,84.25928923,205.44596923,228.55798887
146,300220,金运激光,2025-02-12,21.0,20.0,3,-2571217.50000001,168402121.87,170973339.37,339375461.24,9,9,3829476.74,87438566.36,83609089.62,60.18306636,55.55555556,202.59365994,277.69784173
147,002131,利欧股份,2025-02-11,4.71,3.7445,3,186791638.58,1964680521.87,1777888883.29,3742569405.16,3,3,-30933178.72,129949020.09,160882198.81,29.75206612,125.35885167,224.82758621,119.00273394
148,600666,奥瑞德,2025-02-11,3.04,10.1449,3,9704597.00999999,165138764.59,155434167.58,320572932.17,0,0,0.0,0.0,0.0,38.81278539,8.18505338,120.28985507,93.63057325
149,688078,龙软科技,2025-02-11,41.74,20.0115,3,794849.129999999,74985028.46,74190179.33,149175207.79,0,0,0.0,0.0,0.0,76.19248628,37.39302172,102.62135922,75.1295361
150,601929,吉视传媒,2025-02-10,2.16,10.2041,3,74131416.76,212356990.76,138225574.0,350582564.76,0,0,0.0,0.0,0.0,22.03389831,5.88235294,94.59459459,43.04635762
151,003005,竞业达,2025-02-07,40.56,10.0081,3,23470419.78,237573714.4,214103294.62,451677009.02,8,9,7898434.64,90855426.0,82956991.36,56.84454756,47.00978615,66.98229724,119.71830986
152,000882,华联股份,2025-02-06,2.75,-9.5395,3,-197112953.04,477270767.0,674383720.04,1151654487.04,2,2,-86026514.0,12327422.0,98353936.0,9.12698413,36.8159204,139.13043478,106.76691729
153,301512,智信精密,2025-02-06,50.95,-5.6481,3,-1921920.0,144133361.0,146055281.0,290188642.0,2,3,-11313015.0,12026113.0,23339128.0,42.08031233,18.81996269,27.31134433,45.31761679
154,603928,兴业股份,2025-02-06,11.09,-5.6973,3,-38983007.7,128165298.1,167148305.8,295313603.9,0,0,0.0,0.0,0.0,41.63473819,31.24260355,51.74409381,80.67206449
155,605069,正和生态,2025-02-06,8.29,-2.6995,3,-3629965.81,67951990.18,71581955.99,139533946.17,0,1,-7989499.4,0.0,7989499.4,17.42209632,-1.07398568,42.43986254,32.42811502
156,300229,拓尔思,2025-02-05,26.53,19.991,3,62074210.38,1014605163.94,952530953.56,1967136117.5,7,7,81617367.2,418095155.4,336477788.2,44.02823018,62.66094421,110.72279587,130.20179519
157,300840,酷特智能,2025-02-05,26.1,-8.2601,3,-158868165.66,504810434.34,663678600.0,1168489034.34,9,9,-69221879.66,338929577.34,408151457.0,43.88092613,128.94736842,203.48837209,70.67173843
158,301248,杰创智能,2025-02-05,19.0,-4.8096,3,98435385.46,360873944.24,262438558.78,623312503.02,1,1,4362491.0,7485220.0,3122729.0,34.65627215,25.0,27.60241773,65.22337708
159,603729,龙韵股份,2025-02-05,16.35,-6.6248,3,-13981032.9,131421673.6,145402706.5,276824380.1,1,2,-10046889.0,6950160.0,16997049.0,18.39246923,5.28010303,28.33594976,-22.0686368
160,000506,*ST中润,2025-02-26,6.24,5.0505,2,-8547358.83999999,127305452.79,135852811.63,263158264.42,2,2,2308945.37,16248945.0,13939999.63,60.41131105,101.94174757,433.33333333,93.78881988
161,000892,欢瑞世纪,2025-02-26,5.15,10.0427,2,-18290760.8,187105215.88,205395976.68,392501192.56,2,3,-19033771.0,20416980.0,39450751.0,59.9378882,31.043257,104.36507937,67.20779221
162,000980,众泰汽车,2025-02-26,2.63,10.0418,2,10216101.45,538151135.23,527935033.78,1066086169.01,0,0,0.0,0.0,0.0,25.83732057,3.54330709,67.51592357,7.78688525
163,002501,利源股份,2025-02-26,2.76,9.9602,2,34244436.2,100072490.2,65828054.0,165900544.2,1,2,-2942942.0,2697501.0,5640443.0,73.58490566,70.37037037,165.38461538,124.3902439
164,002522,浙江众成,2025-02-26,6.69,10.0329,2,-24912913.91,327304065.19,352216979.1,679521044.29,2,2,-1317866.45,51381636.44,52699502.89,74.21875,57.41176471,132.29166667,75.59054229
165,002580,圣阳股份,2025-02-26,14.1,9.9844,2,103533962.96,368675720.96,265141758.0,633817478.96,7,7,29603887.54,184603977.34,155000089.8,57.19063545,54.60526316,149.55752212,112.47780348
166,002765,蓝黛科技,2025-02-26,13.86,2.439,2,99148995.86,855376428.7,756227432.84,1611603861.54,10,9,30298433.6,625360409.9,595061976.3,36.68639053,62.96752631,200.29576508,196.46220212
167,200056,皇庭B,2025-02-26,1.24,9.7345,2,-320682.22,951082.05,1271764.27,2222846.32,0,0,0.0,0.0,0.0,6.89655172,5.08474576,39.3258427,24.0
168,300083,创世纪,2025-02-26,9.52,20.0504,2,382410353.41,1130650726.16,748240372.75,1878891098.91,6,6,-68439828.28,258568096.08,327007924.36,47.59689922,32.22222222,61.62988115,95.4825462
169,300403,汉宇集团,2025-02-26,21.02,17.1031,2,185462593.18,856193855.47,670731262.29,1526925117.76,5,5,-31470067.57,446345004.35,477815071.92,54.44526084,123.14225053,248.32008712,204.79543464
170,301181,标榜股份,2025-02-26,27.3,1.2987,2,-18338977.68,64258901.72,82597879.4,146856781.12,2,2,-307014.880000001,9494626.12,9801641.0,27.57009346,19.31818182,44.51193908,34.09190637
171,430418,苏轴股份,2025-02-26,47.9,22.3499,2,19022496.01,202307694.08,183285198.07,385592892.15,4,5,-8990178.93,42122970.75,51113149.68,83.10397554,58.13799934,253.50553506,214.36391047
172,603109,神驰机电,2025-02-26,24.68,9.9822,2,-93035197.14,177532939.78,270568136.92,448101076.7,2,0,33467686.8,33467686.8,0.0,38.57383492,63.01188904,108.44594595,56.82702649
173,603278,大业股份,2025-02-26,12.71,9.9481,2,50733728.82,288860563.88,238126835.06,526987398.94,0,3,-75389357.16,0.0,75389357.16,35.64567769,79.26657264,153.69261477,35.56927685
174,603316,诚邦股份,2025-02-26,6.49,10.0,2,23335243.0,33924824.0,10589581.0,44514405.0,0,0,0.0,0.0,0.0,44.54342984,21.76360225,87.57225434,45.1901566
175,605100,华丰股份,2025-02-26,20.93,9.9842,2,39302752.49,147591121.19,108288368.7,255879489.89,0,0,0.0,0.0,0.0,53.89705882,21.75683537,108.13265451,70.21733246
176,000880,潍柴重机,2025-02-25,31.69,9.9965,2,16295919.78,589571298.87,573275379.09,1162846677.96,11,12,-34761653.26,389497150.46,424258803.72,45.70114943,168.02671707,261.43921755,296.18297247
177,300383,光环新网,2025-02-25,22.95,4.8903,2,370537932.44,2352597731.53,1982059799.09,4334657530.62,6,5,-24817966.74,861391377.92,886209344.66,48.44760673,107.88043478,191.24365482,153.25152426
178,600246,万通发展,2025-02-25,6.9,10.0478,2,-16619899.68,108637748.9,125257648.58,233895397.48,0,1,-12088211.0,0.0,12088211.0,13.48684211,-42.45204337,13.1147541,16.94915254
179,601869,长飞光纤,2025-02-25,43.09,0.8189,2,-95856764.47,445923001.11,541779765.58,987702766.69,4,1,133505446.54,186226676.0,52721229.46,12.35984355,55.89725036,93.05555556,63.47845066
180,603915,国茂股份,2025-02-25,20.48,9.9893,2,326909507.62,562086982.97,235177475.35,797264458.32,5,0,310576238.14,310576238.14,0.0,35.80901857,68.28266228,159.97196658,56.24894033
181,688220,翱捷科技,2025-02-25,98.4,11.8309,2,-280220652.84,1092950764.07,1373171416.91,2466122180.98,5,2,115907081.26,677027154.04,561120072.78,45.79937769,154.46082234,213.47562918,98.30713422
182,837663,明阳科技,2025-02-25,28.8,29.9639,2,13100036.94,78550924.24,65450887.3,144001811.54,0,2,-10436836.78,0.0,10436836.78,78.32817337,44.4332999,217.18061674,146.24825711
183,002335,科华数据,2025-02-24,52.14,10.0,2,387797398.86,1031522029.07,643724630.21,1675246659.28,1,2,-58559282.95,61878903.05,120438186.0,73.97397397,122.82051282,209.98810939,124.02205744
184,002343,慈文传媒,2025-02-24,8.61,0.5841,2,-17738228.12,175026616.59,192764844.71,367791461.3,3,5,-58997687.31,31525638.2,90523325.51,44.22110553,27.74480712,84.36830835,62.45283019
185,002987,京北方,2025-02-24,24.1,7.3019,2,247073147.65,583342424.4,336269276.75,919611701.15,4,2,241609946.09,288895299.0,47285352.91,74.38494935,66.43646409,121.10091743,118.21292926
186,301336,趣睡科技,2025-02-24,88.01,15.8026,2,-69074847.61,243816031.55,312890879.16,556706910.71,5,5,-10412323.33,70166907.51,80579230.84,47.42043551,162.24672229,229.96524221,171.28890482
187,603206,嘉环科技,2025-02-24,19.26,-4.4169,2,-15409498.85,140215981.08,155625479.93,295841461.01,0,0,0.0,0.0,0.0,28.4,18.88888889,64.33447099,28.72190158
188,002058,威尔泰,2025-02-21,12.56,-7.9853,2,-42469519.84,59529146.7,101998666.54,161527813.24,4,4,-30695480.0,15190747.0,45886227.0,19.0521327,-3.82848392,73.00275482,26.10441767
189,300622,博士眼镜,2025-02-21,55.64,2.8276,2,248802890.24,734991203.99,486188313.75,1221179517.74,7,7,211719989.16,449313217.0,237593227.84,18.13163482,29.21364173,84.46389954,307.11137071
190,300660,江苏雷利,2025-02-21,74.8,20.0064,2,257262982.8,987466510.24,730203527.44,1717670037.68,4,4,-17218267.75,266505789.64,283724057.39,77.96811801,125.64102564,225.22601862,222.5292673
191,603728,鸣志电器,2025-02-21,90.74,10.0012,2,492124532.04,1387851766.23,895727234.19,2283579000.42,3,3,300232257.25,419028621.25,118796364.0,48.75409836,61.14366898,148.2626539,111.01268517
192,688661,和林微纳,2025-02-21,58.6,17.5998,2,-71077473.68,233698395.0,304775868.68,538474263.68,0,0,0.0,0.0,0.0,32.87981859,62.77777778,145.90851867,149.21644029
193,831152,昆工科技,2025-02-21,20.0,15.2738,2,41634451.34,84632357.64,42997906.3,127630263.94,0,0,0.0,0.0,0.0,70.5029838,8.34236186,150.0,72.28403432
194,003013,地铁设计,2025-02-20,15.8,-6.8396,2,-2281781.91,128483109.48,130764891.39,259248000.87,3,4,-4062158.0,13916840.0,17978998.0,5.1930759,2.79765777,15.83577713,6.38577861
195,200706,瓦轴B,2025-02-20,2.86,10.0,2,177754.15,588312.72,410558.57,998871.29,0,0,0.0,0.0,0.0,24.89082969,-3.7037037,55.43478261,44.44444444
196,300100,双林股份,2025-02-20,48.53,13.282,2,337452541.63,1147513423.49,810060881.86,1957574305.35,6,7,168461402.03,447741354.03,279279952.0,36.5887982,131.64677804,275.61919505,625.86943559
197,301251,威尔高,2025-02-20,44.11,11.9259,2,-27399448.69,265120364.94,292519813.63,557640178.57,6,4,27708204.12,82464999.0,54756794.88,28.60058309,29.84986753,54.39271964,63.37861848
198,600376,首开股份,2025-02-20,2.87,9.9617,2,-10361097.47,76622727.53,86983825.0,163606552.53,0,0,0.0,0.0,0.0,17.14285714,-1.37457045,32.87037037,5.90405904
199,600608,ST沪科,2025-02-20,3.32,5.0633,2,1587714.17,13728020.75,12140306.58,25868327.33,0,0,0.0,0.0,0.0,3.10559006,-11.93633952,30.70866142,-3.48837209
200,603130,云中马,2025-02-20,32.67,10.0,2,34983337.83,110618737.81,75635399.98,186254137.79,0,0,0.0,0.0,0.0,59.28815212,56.31578947,79.91015341,99.01902656
201,688272,富吉瑞,2025-02-20,31.8,14.4708,2,24777142.8,165157691.68,140380548.88,305538240.56,0,0,0.0,0.0,0.0,90.30520646,77.95187465,128.77697842,142.56292906
202,688400,凌云光,2025-02-20,41.39,20.0058,2,273037691.12,541448491.29,268410800.17,809859291.46,3,0,160643990.84,160643990.84,0.0,92.15413185,77.41105872,186.83298683,109.85654304
203,002044,美年健康,2025-02-19,7.07,-0.2821,2,31698123.11,1116923745.94,1085225622.83,2202149368.77,5,6,75049261.82,297020215.91,221970954.09,61.41552511,47.59916493,96.38888889,31.36813209
204,002137,实益达,2025-02-19,10.27,6.4249,2,-60286779.83,237401380.0,297688159.83,535089539.83,6,6,-29980124.83,144366894.0,174347018.83,17.37142857,75.2559727,113.51351351,142.21698113
205,300007,汉威科技,2025-02-19,37.81,19.9937,2,278287349.17,791011554.68,512724205.51,1303735760.19,4,3,103748700.15,243393931.51,139645231.36,39.26335175,122.95012067,181.88332457,167.2381287
206,300065,海兰信,2025-02-19,13.56,20.0,2,64134172.2400001,540977744.57,476843572.33,1017821316.9,0,0,0.0,0.0,0.0,57.6744186,52.18855219,119.06300485,97.09302326
207,300946,恒而达,2025-02-19,37.28,12.8329,2,-14220397.86,143834136.72,158054534.58,301888671.3,5,4,11077632.8,31883949.8,20806317.0,41.4800759,37.05882353,57.29957806,79.3429981
208,301510,固高科技,2025-02-19,40.45,14.5892,2,-65845639.27,551201851.67,617047490.94,1168249342.61,3,3,-7025319.5,147097755.28,154123074.78,61.8,54.33040824,86.23388582,41.15860392
209,600165,*ST宁科,2025-02-19,4.1,5.1282,2,566120.199999999,41744778.5,41178658.3,82923436.8,0,0,0.0,0.0,0.0,53.55805243,96.1722488,111.34020619,144.04761905
210,601116,三江购物,2025-02-19,12.41,-7.5949,2,60598168.12,228051697.5,167453529.38,395505226.88,0,0,0.0,0.0,0.0,24.34869739,24.22422422,58.89884763,49.59163638
211,603209,兴通股份,2025-02-19,17.85,9.9815,2,-25496625.36,82644682.6,108141307.96,190785990.56,0,1,-19655049.0,0.0,19655049.0,17.82178218,9.77859779,25.08759636,43.38345934
212,603583,捷昌驱动,2025-02-19,40.45,10.0082,2,245715906.24,724665162.55,478949256.31,1203614418.86,0,0,0.0,0.0,0.0,47.73557341,92.25285171,146.04622871,148.71085281
213,603825,华扬联众,2025-02-19,15.32,-6.6991,2,-6374878.33,122003105.94,128377984.27,250381090.21,0,0,0.0,0.0,0.0,27.66666667,14.49925262,89.83890954,114.26573427
214,603917,合力科技,2025-02-19,14.96,10.0,2,23338898.12,207543422.45,184204524.33,391747946.78,2,0,45896521.8,45896521.8,0.0,31.22807018,18.44813935,30.99824869,41.62012463
215,688611,杭州柯林,2025-02-19,54.2,19.9911,2,-76550061.14,108895218.01,185445279.15,294340497.16,1,2,-99641546.73,9254186.19,108895732.92,67.3872761,68.42759478,115.93625498,278.83738925
216,002313,日海智能,2025-02-18,11.97,-10.0,2,173525516.0,250756316.0,77230800.0,327987116.0,2,2,421400.0,13444668.0,13023268.0,29.96742671,43.18181818,93.68932039,118.82998172
217,002656,*ST摩登,2025-02-18,2.44,4.2735,2,14835094.86,39474100.82,24639005.96,64113106.78,0,0,0.0,0.0,0.0,51.55279503,84.84848485,68.27586207,93.65079365
218,002681,奋达科技,2025-02-18,8.69,3.0842,2,255193760.63,992454966.07,737261205.44,1729716171.51,6,6,229127970.02,452673037.75,223545067.73,23.4375,60.03683241,143.41736695,112.46943765
219,301428,世纪恒通,2025-02-18,49.01,1.8919,2,9731585.15000001,229161529.39,219429944.24,448591473.63,4,2,73705952.0,93498324.0,19792372.0,39.39135381,38.78508214,77.60678564,107.37057893
220,001330,博纳影业,2025-02-17,5.33,-8.8889,2,-35715459.8,121340122.86,157055582.66,278395705.52,4,8,-58753605.04,22455221.0,81208826.04,-11.60862355,-15.79778831,23.09468822,-1.11317254
221,002837,英维克,2025-02-17,44.11,10.0,2,6095893.03999996,721811723.85,715715830.81,1437527554.66,8,6,175992824.93,293037228.74,117044403.81,14.39315353,33.02171291,106.12149533,164.51705983
222,300244,迪安诊断,2025-02-17,19.82,9.2613,2,167406587.53,875816059.18,708409471.65,1584225530.83,3,4,60733286.75,175424158.45,114690871.7,85.40692236,51.7611026,70.74163054,7.67799287
223,300816,艾可蓝,2025-02-17,38.21,0.5791,2,-69151984.31,131972568.6,201124552.91,333097121.51,2,2,-22739022.9,22336262.0,45075284.9,68.40017629,57.15543067,107.77925161,159.05675455
224,301230,泓博医药,2025-02-17,44.33,20.0054,2,-76947900.9,218532916.88,295480817.78,514013734.66,6,7,-71713142.54,97022504.54,168735647.08,83.10615448,60.38350217,96.3863993,132.43411312
225,301602,超研股份,2025-02-17,31.14,14.823,2,-39621972.77,313788667.78,353410640.55,667199308.33,8,8,-61554475.03,157305607.39,218860082.42,364.7761194,364.7761194,364.7761194,364.7761194
226,600539,狮头股份,2025-02-17,9.46,0.5313,2,-2761772.0,61701622.0,64463394.0,126165016.0,0,0,0.0,0.0,0.0,7.37797957,30.84370678,152.26666667,145.71428571
227,603103,横店影视,2025-02-17,15.12,-10.0,2,-5216560.7,97827719.03,103044279.73,200871998.76,0,0,0.0,0.0,0.0,15.68477429,9.96363636,23.67630608,6.06960973
228,688246,嘉和美康,2025-02-17,39.9,12.2679,2,-58632282.12,143897127.92,202529410.04,346426537.96,2,3,-67500875.37,44000005.09,111500880.46,81.1166591,33.04434812,112.57325519,76.94013304
229,688315,诺禾致源,2025-02-17,19.33,13.0409,2,-31764943.05,180777209.46,212542152.51,393319361.97,4,2,-15848250.86,77434853.01,93283103.87,66.20808255,48.12260536,83.57075024,19.4085621
230,688358,祥生医疗,2025-02-17,38.6,13.2297,2,-47169113.59,75206487.17,122375600.76,197582087.93,2,3,-30106480.44,17899794.75,48006275.19,62.66329541,47.32824427,56.84681024,43.32450399
231,688788,科思科技,2025-02-17,47.99,20.005,2,45066811.78,118132915.3,73066103.52,191199018.82,0,0,0.0,0.0,0.0,47.29895641,48.62186435,111.68945743,98.22387443
232,300454,深信服,2025-02-14,105.59,20.0023,2,-187985416.56,1168570819.31,1356556235.87,2525127055.18,5,6,-151374502.72,414893337.4,566267840.12,99.98106061,46.14532872,121.82773109,81.49824739
233,600588,用友网络,2025-02-14,18.3,5.1724,2,200193150.65,1854552777.52,1654359626.87,3508912404.39,1,1,107150849.46,244635365.79,137484516.33,84.84848485,30.62098501,108.19112628,60.66725198
234,603366,日出东方,2025-02-14,13.15,-8.4899,2,-29066962.08,395431839.18,424498801.26,819930640.44,0,0,0.0,0.0,0.0,24.40870388,64.78696742,249.73404255,212.28620705
235,000156,华数传媒,2025-02-13,9.43,1.1803,2,-115119207.01,280002014.28,395121221.29,675123235.57,1,1,13339853.0,20300864.0,6961011.0,43.96946565,22.15025907,56.3394743,36.85178073
236,002484,江海股份,2025-02-13,22.38,-7.9012,2,80448245.1600001,1024533947.71,944085702.55,1968619650.26,6,5,155681845.85,358491655.2,202809809.35,2.09854015,37.46928747,80.77544426,49.46983499
237,002649,博彦科技,2025-02-13,16.94,10.0,2,11424369.14,548678274.24,537253905.1,1085932179.34,2,2,7132730.90000001,74535672.0,67402941.1,59.06103286,32.44722439,126.47058824,81.32036695
238,300688,创业黑马,2025-02-13,37.86,-5.586,2,-40402720.4,414362768.8,454765489.2,869128258.0,0,0,0.0,0.0,0.0,40.69119287,19.65865992,64.2516269,90.15570065
239,600580,卧龙电驱,2025-02-13,25.38,-9.2924,2,89465578.42,1861267209.27,1771801630.85,3633068840.12,0,1,-84518417.22,0.0,84518417.22,50.35545024,59.72309629,125.19964508,144.2401533
240,688168,安博通,2025-02-13,63.52,3.7908,2,30588493.89,244771025.88,214182531.99,458953557.87,0,0,0.0,0.0,0.0,54.09995148,29.47411333,150.86887836,177.14237765
241,870299,灿能电力,2025-02-13,13.06,-9.8066,2,-18339571.1,41993404.67,60332975.77,102326380.44,0,1,-3553028.07,0.0,3553028.07,31.25628141,-12.17215871,112.81303265,117.21747426
242,603068,博通集成,2025-02-12,40.88,2.2511,2,128271677.0,268119766.0,139848089.0,407967855.0,0,0,0.0,0.0,0.0,22.24880383,34.03278689,101.28358832,130.62092618
243,688229,博睿数据,2025-02-12,61.17,15.6333,2,56840295.47,114736491.38,57896195.91,172632687.29,2,0,39064735.09,39064735.09,0.0,66.76663032,26.80348259,132.49714937,146.15694165
244,000584,*ST工智,2025-02-11,2.91,5.0542,2,-14702632.95,36509134.0,51211766.95,87720900.95,0,0,0.0,0.0,0.0,-7.61904762,-7.61904762,72.18934911,35.34883721
245,000972,中基健康,2025-02-11,3.37,-7.6712,2,-15026616.74,51861974.0,66888590.74,118750564.74,3,4,-5720139.74,15493405.0,21213544.74,22.99270073,4.33436533,30.11583012,-18.2038835
246,001395,亚联机械,2025-02-11,40.68,-4.6637,2,52098519.5,126432631.38,74334111.88,200766743.26,2,2,-3437348.35,6135702.38,9573050.73,113.20754717,113.20754717,113.20754717,113.20754717
247,301220,亚香股份,2025-02-11,70.03,19.9966,2,-15247043.02,277463569.62,292710612.64,570174182.26,7,7,-51004638.52,157061654.12,208066292.64,92.39010989,127.5918102,171.75009701,170.50163509
248,301551,无线传媒,2025-02-11,68.75,11.0304,2,-58533477.94,205339539.22,263873017.16,469212556.38,2,2,-38260034.0,27181200.0,65441234.0,41.46090535,2.08878607,632.32413241,632.32413241
249,600255,鑫科材料,2025-02-11,4.22,5.7644,2,-245582259.46,372077821.98,617660081.44,989737903.42,0,0,0.0,0.0,0.0,22.31884058,70.85020243,135.75418994,167.08860759
250,000532,华金资本,2025-02-10,18.98,2.5392,2,138547996.12,285172370.02,146624373.9,431796743.92,2,4,70507148.01,95303181.91,24796033.9,52.57234727,29.11564626,61.94539249,96.69366096
251,002718,友邦吊顶,2025-02-10,14.58,-7.9545,2,-44781464.22,45014898.39,89796362.61,134811261.0,0,0,0.0,0.0,0.0,17.39130435,14.62264151,46.82779456,51.7404525
252,300057,万顺新材,2025-02-10,6.3,12.7013,2,-91305185.21,148322401.41,239627586.62,387949988.03,0,0,0.0,0.0,0.0,36.65943601,3.44827586,62.37113402,45.83333333
253,301208,中亦科技,2025-02-10,42.3,-2.0607,2,-48855391.1,216174666.3,265030057.4,481204723.7,5,5,-22662006.4,37802440.0,60464446.4,36.36363636,6.92618807,67.25978648,102.6223292
254,603150,万朗磁塑,2025-02-10,33.4,3.2777,2,-51403055.2,143329584.3,194732639.5,338062223.8,3,0,36565351.3,36565351.3,0.0,30.3160359,17.81305115,35.93813594,39.92459154
255,000802,北京文化,2025-02-07,5.85,-1.0152,2,-64792869.6,64705740.0,129498609.6,194204349.6,2,2,-12968172.0,9735166.0,22703338.0,-18.18181818,-15.2173913,16.30218688,9.34579439
256,300253,卫宁健康,2025-02-07,9.26,16.1857,2,337783217.93,881602665.2,543819447.27,1425422112.47,5,4,168556246.4,256071935.89,87515689.49,42.68104777,19.63824289,66.84684685,52.55518359
257,603280,南方路机,2025-02-07,23.43,-3.8572,2,-12359194.62,57909632.36,70268826.98,128178459.34,0,0,0.0,0.0,0.0,17.97583082,11.83770883,26.44360496,44.40198959
258,605299,舒华体育,2025-02-07,10.35,9.9894,2,75597999.23,164697441.33,89099442.1,253796883.43,1,0,51450279.33,51450279.33,0.0,22.4852071,34.41558442,34.24124514,63.73422711
259,688486,龙迅股份,2025-02-07,124.0,15.5746,2,185354873.25,370097068.49,184742195.24,554839263.73,6,2,259196636.98,308331784.31,49135147.33,70.16604913,112.72945617,149.59742351,138.70176613
260,688023,安恒信息,2025-02-06,62.54,19.9923,2,-16727124.58,228324965.09,245052089.67,473377054.76,1,3,-60780531.37,102603980.93,163384512.3,61.4768913,30.29166667,122.56227758,51.69014994
261,688583,思看科技,2025-02-06,106.21,7.8603,2,108038651.38,249441975.22,141403323.84,390845299.06,3,0,88246061.91,88246061.91,0.0,217.4237896,217.4237896,217.4237896,217.4237896
262,002130,沃尔核材,2025-02-05,22.98,-9.9882,2,-3173252.54999995,883790887.62,886964140.17,1770755027.79,6,8,-53384997.64,228378476.62,281763474.26,-3.07886968,14.21471173,36.94874851,321.53502695
263,002917,金奥博,2025-02-05,14.9,-10.0242,2,-217549357.9,132389871.7,349939229.6,482329101.3,0,0,0.0,0.0,0.0,55.53235908,63.19824754,77.59237187,112.28527196
264,300624,万兴科技,2025-02-05,82.15,19.9971,2,288337339.21,1017286208.87,728948869.66,1746235078.53,4,2,148670619.08,274498636.42,125828017.34,42.79506345,43.71938418,74.1942324,44.1438437
265,300996,普联软件,2025-02-05,27.17,-0.8756,2,-15850782.18,250198999.27,266049781.45,516248780.72,3,3,-12641245.81,32692480.0,45333725.81,64.76652517,42.02822791,74.3902439,104.2653586
266,600261,阳光照明,2025-02-05,3.91,10.1408,2,-30944890.5,35519860.0,66464750.5,101984610.5,0,3,-27731578.5,0.0,27731578.5,19.20731707,26.53721683,43.75,52.55041399
267,600807,济高发展,2025-02-05,3.1,9.9291,2,6565366.0,55129106.0,48563740.0,103692846.0,0,0,0.0,0.0,0.0,9.15492958,-27.57009346,11.11111111,15.67164179
268,688228,开普云,2025-02-05,59.08,20.0081,2,49175251.38,138765554.8,89590303.42,228355858.22,0,0,0.0,0.0,0.0,44.09756098,52.62206148,69.28366762,52.59640075
269,001389,广合科技,2025-02-26,64.68,8.251,1,-401596.939999998,122882358.06,123283955.0,246166313.06,0,2,-18692432.0,0.0,18692432.0,5.13654096,58.84086444,80.31781433,273.16814559
270,002152,广电运通,2025-02-26,15.73,10.0,1,189772021.11,450430438.04,260658416.93,711088854.97,2,2,-30214846.98,25290203.0,55505049.98,38.59030837,32.18487395,68.77682403,46.32806883
271,002173,创新医疗,2025-02-26,10.11,-6.8203,1,-33582125.73,60381583.4,93963709.13,154345292.53,4,4,-42155106.73,32809860.4,74964967.13,21.80722892,20.64439141,72.52559727,11.46637266
272,002402,和而泰,2025-02-26,23.08,10.0095,1,344720637.41,594025503.41,249304866.0,843330369.41,1,1,7798566.0,32794361.0,24995795.0,26.53508772,17.45547074,150.32537961,92.56104824
273,002824,和胜股份,2025-02-26,20.73,8.0813,1,-5327428.79999998,189493085.11,194820513.91,384313599.02,1,1,2687768.32,19564430.3,16876661.98,37.9241517,10.85561497,59.83037779,47.79748425
274,200761,本钢板B,2025-02-26,1.42,8.3969,1,269061.03,1749457.55,1480396.52,3229854.07,0,0,0.0,0.0,0.0,1.42857143,2.89855072,7.57575758,-0.6993007
275,300031,宝通科技,2025-02-26,31.45,19.9924,1,239467973.8,330995525.0,91527551.2,422523076.2,0,1,-15522556.35,0.0,15522556.35,69.26803014,43.34548769,117.79778393,109.29556007
276,300214,日科化学,2025-02-26,8.39,20.0286,1,-5760385.39000002,141246364.95,147006750.34,288253115.29,1,1,-6969949.0,8072212.0,15042161.0,48.49557522,37.76683087,68.81287726,65.77041976
277,300328,宜安科技,2025-02-26,11.45,9.8848,1,105793974.75,426493505.13,320699530.38,747193035.51,5,5,161450169.19,390196978.13,228746808.94,43.125,44.75347661,85.27508091,119.7696737
278,300421,力星股份,2025-02-26,17.8,20.027,1,-13728939.57,158856196.16,172585135.73,331441331.89,3,3,38245707.79,75298846.12,37053138.33,38.09154383,51.23194562,100.45045045,98.56200946
279,600076,康欣新材,2025-02-26,2.26,10.2439,1,13062910.15,27602579.15,14539669.0,42142248.15,0,0,0.0,0.0,0.0,18.94736842,0.89285714,64.96350365,11.33004926
280,600782,新钢股份,2025-02-26,4.15,10.0796,1,44133420.53,164472525.0,120339104.47,284811629.47,3,1,79975995.0,93253803.0,13277808.0,15.92178771,8.07291667,37.87375415,18.5576383
281,603118,共进股份,2025-02-26,13.31,6.6506,1,21281837.8,453301915.17,432020077.37,885321992.54,1,0,87284379.05,87284379.05,0.0,30.10752688,65.13647643,89.0625,71.79642957
282,603626,科森科技,2025-02-26,10.52,10.0418,1,671256.400000006,116694950.4,116023694.0,232718644.4,0,0,0.0,0.0,0.0,38.42105263,14.9726776,106.67976424,86.63964331
283,603949,雪龙集团,2025-02-26,15.73,10.0,1,15312414.2,53770254.2,38457840.0,92228094.2,0,0,0.0,0.0,0.0,28.72340426,16.69139466,69.50431034,13.39601951
284,688191,智洋创新,2025-02-26,27.08,17.4837,1,-14357596.33,41090318.86,55447915.19,96538234.05,0,1,-16086891.07,0.0,16086891.07,38.16326531,46.4639883,82.00304428,107.01089893
285,688198,佰仁医疗,2025-02-26,121.89,16.0305,1,-4978297.13,25473411.72,30451708.85,55925120.57,1,0,4602092.57,4602092.57,0.0,19.23114546,3.73617021,25.4399506,-0.89301244
286,688314,康拓医疗,2025-02-26,32.9,16.1723,1,6858824.68,25379765.04,18520940.36,43900705.4,1,1,2248993.78,9185581.42,6936587.64,10.58823529,14.55652929,55.0134956,47.29407246
287,688521,芯原股份,2025-02-26,80.06,13.239,1,346348090.37,1205104666.93,858756576.56,2063861243.49,4,1,709389396.95,809170841.79,99781444.84,52.8737827,63.7888707,197.06864564,108.43530331
288,688691,灿芯股份,2025-02-26,99.84,20.0,1,145036967.08,251444777.78,106407810.7,357852588.48,4,0,160985156.56,160985156.56,0.0,32.87197232,38.70519589,148.29644367,407.40207532
289,688709,成都华微,2025-02-26,35.57,20.0067,1,156688411.0,241363375.94,84674964.94,326038340.88,2,1,69604396.37,84262647.38,14658251.01,30.82015447,46.86209744,128.59897172,58.2672889
290,838810,春光药装,2025-02-26,15.84,29.9426,1,-9665364.49,27329782.57,36995147.06,64324929.63,0,0,0.0,0.0,0.0,85.26315789,31.45228216,170.30716724,108.4433698
291,900940,大名城B,2025-02-26,0.229,10.0962,1,20311.04,101798.09,81487.05,183285.14,0,0,0.0,0.0,0.0,-1.29310345,-12.92775665,18.06607957,0.76329204
292,000488,ST晨鸣,2025-02-25,2.13,-4.9107,1,-722491.0,3014665.0,3737156.0,6751821.0,3,2,347296.0,1890900.0,1543604.0,-15.81027668,-32.80757098,-38.6167147,-39.48863636
293,000622,*ST恒立,2025-02-25,2.45,5.1502,1,3309759.0,14804396.0,11494637.0,26299033.0,1,1,1030760.0,1803829.0,773069.0,1.23966942,8.40707965,25.64102564,-20.45454545
294,000801,四川九洲,2025-02-25,18.56,10.0178,1,318208325.51,468301630.75,150093305.24,618394935.99,1,1,62942067.0,65759223.0,2817156.0,32.38231098,-4.72279261,109.00900901,115.42278225
295,000851,ST高鸿,2025-02-25,2.51,-4.9242,1,-55513450.73,22076369.74,77589820.47,99666190.21,1,1,-495576.86,4130515.14,4626092.0,-10.03584229,-33.94736842,8.18965517,-47.59916493
296,000887,中鼎股份,2025-02-25,22.32,6.6922,1,136712722.79,980305191.05,843592468.26,1823897659.31,3,2,94705010.56,253460036.22,158755025.66,51.01488498,77.56563246,108.98876404,110.65373661
297,002034,旺能环境,2025-02-25,17.91,8.5455,1,8074343.13999999,155914155.92,147839812.78,303753968.7,1,3,-29470230.76,22667654.94,52137885.7,21.42372881,19.71925134,38.03202915,33.65307813
298,002080,中材科技,2025-02-25,15.2,3.6835,1,332503758.38,602316986.08,269813227.7,872130213.78,3,2,179567801.95,266043934.15,86476132.2,24.08163265,18.75,56.05749487,6.97262968
299,002883,中设股份,2025-02-25,11.83,-4.0552,1,-38814913.03,42041282.0,80856195.03,122897477.03,0,0,0.0,0.0,0.0,13.20574163,13.31417625,43.39393939,23.97295858
300,200488,ST晨鸣B,2025-02-25,0.67,-4.2857,1,-19108.0,105939.0,125047.0,230986.0,0,0,0.0,0.0,0.0,-25.55555556,-34.95145631,-49.24242424,-50.0
301,300134,大富科技,2025-02-25,15.38,19.9688,1,25915596.51,170246747.0,144331150.49,314577897.49,0,0,0.0,0.0,0.0,34.9122807,15.98793363,118.46590909,79.04540163
302,300488,恒锋工具,2025-02-25,50.65,19.9953,1,34543326.68,93839331.96,59296005.28,153135337.24,3,3,5224334.46,38382235.53,33157901.07,64.02202073,113.18955009,173.08188785,151.56619154
303,300508,维宏股份,2025-02-25,37.54,20.0128,1,33212587.36,59397165.36,26184578.0,85581743.36,1,1,-3486779.0,306559.0,3793338.0,32.88495575,34.26323319,91.33537207,82.67847469
304,300895,铜牛信息,2025-02-25,53.27,11.8648,1,135561667.46,313036692.77,177475025.31,490511718.08,3,3,28443611.07,136730315.49,108286704.42,72.28331177,58.49449569,117.33986128,61.18003026
305,301090,华润材料,2025-02-25,8.36,19.9426,1,22008578.83,52640266.83,30631688.0,83271954.83,1,1,-2920947.0,132004.0,3052951.0,26.85887709,9.42408377,54.52865065,-14.04975386
306,301210,金杨股份,2025-02-25,65.4,11.8331,1,-1431516.53999999,184148415.09,185579931.63,369728346.72,5,5,-16645347.36,155533725.01,172179072.37,58.39186244,96.96902823,163.41167448,110.40665278
307,600302,标准股份,2025-02-25,6.04,10.0182,1,22209727.4,39854363.0,17644635.6,57498998.6,0,0,0.0,0.0,0.0,27.69556025,16.37764933,78.17109145,46.95863747
308,600360,ST华微,2025-02-25,5.26,3.5433,1,-16796490.56,47312697.44,64109188.0,111421885.44,0,0,0.0,0.0,0.0,8.45360825,10.27253669,59.87841945,-14.65354675
309,600810,神马股份,2025-02-25,8.31,10.0662,1,1985128.84,60489159.3,58504030.46,118993189.76,0,0,0.0,0.0,0.0,11.09625668,11.54362416,42.78350515,34.50696051
310,600841,动力新科,2025-02-25,5.99,8.5145,1,17901245.65,80925385.86,63024140.21,143949526.07,0,0,0.0,0.0,0.0,30.7860262,13.66223909,64.56043956,41.27358491
311,603085,天成自控,2025-02-25,14.37,10.0306,1,2642971.27,83206881.27,80563910.0,163770791.27,1,0,15956979.0,15956979.0,0.0,34.29906542,58.43439912,94.45196211,92.36947791
312,603389,亚振家居,2025-02-25,6.45,10.0683,1,19701257.0,27251702.0,7550445.0,34802147.0,0,0,0.0,0.0,0.0,30.831643,-4.44444444,16.00719424,48.27586207
313,603559,*ST通脉,2025-02-25,8.99,3.2147,1,-11300626.14,21509013.76,32809639.9,54318653.66,0,0,0.0,0.0,0.0,27.69886364,4.96991886,111.64666567,124.80604385
314,603629,利通电子,2025-02-25,26.38,-8.1156,1,-32738141.24,40714063.0,73452204.24,114166267.24,0,1,-23339110.24,0.0,23339110.24,20.78754579,54.63071512,69.64630225,15.7754893
315,603721,中广天择,2025-02-25,30.3,-9.6332,1,-10840895.0,26795968.0,37636863.0,64432831.0,0,1,-8845030.0,0.0,8845030.0,12.09766926,14.25339367,56.18556701,24.38423645
316,605208,永茂泰,2025-02-25,10.19,10.0432,1,7358465.61999999,126002048.8,118643583.18,244645631.98,0,0,0.0,0.0,0.0,37.14670256,35.68575233,71.8381113,53.72264444
317,688182,灿勤科技,2025-02-25,24.32,19.9803,1,18287821.72,108609919.67,90322097.95,198932017.62,1,1,-13954596.86,22154571.55,36109168.41,34.51327434,26.73267327,120.68965517,72.11657993
318,688449,联芸科技,2025-02-25,57.0,5.2826,1,163418178.34,284298196.06,120880017.72,405178213.78,1,0,162302363.55,162302363.55,0.0,31.42725386,406.66666667,406.66666667,406.66666667
319,688758,赛分科技,2025-02-25,16.9,8.0563,1,22199359.31,52946506.88,30747147.57,83693654.45,1,0,28194350.1,28194350.1,0.0,11.33069829,291.2037037,291.2037037,291.2037037
320,001309,德明利,2025-02-24,147.15,10.0022,1,-28947777.73,262288578.02,291236355.75,553524933.77,1,1,20494533.2,26009789.6,5515256.4,58.39612487,92.27753822,109.31721195,144.82890735
321,002085,万丰奥威,2025-02-24,21.42,10.0154,1,645640547.22,1071621739.61,425981192.39,1497602932.0,1,1,-25652835.46,41532278.0,67185113.46,24.3902439,8.07265388,87.89473684,225.36105955
322,002387,维信诺,2025-02-24,12.17,6.3811,1,44951365.02,124145020.95,79193655.93,203338676.88,0,0,0.0,0.0,0.0,33.29682366,6.94200351,104.88215488,45.57416268
323,300148,天舟文化,2025-02-24,5.1,20.0,1,135632362.6,187553547.37,51921184.77,239474732.14,3,3,32228089.6,55678594.37,23450504.77,37.09677419,16.97247706,103.187251,59.87460815
324,300159,新研股份,2025-02-24,2.89,19.917,1,64735754.24,111123105.72,46387351.48,157510457.2,2,2,12556333.0,30165554.0,17609221.0,45.22613065,-19.49860724,30.76923077,43.06930693
325,301556,托普云农,2025-02-24,110.93,-3.2868,1,-116393541.12,68826433.35,185219974.47,254046407.82,0,2,-36656855.16,0.0,36656855.16,24.4586559,31.24704212,665.03448276,665.03448276
326,600100,同方股份,2025-02-24,9.48,9.9768,1,18637118.74,425083620.2,406446501.46,831530121.66,0,0,0.0,0.0,0.0,42.12893553,28.97959184,100.84745763,48.58934169
327,600179,安通控股,2025-02-24,2.83,10.1167,1,17038419.38,43652498.38,26614079.0,70266577.38,0,0,0.0,0.0,0.0,6.79245283,-4.39189189,34.76190476,21.98275862
328,600825,新华传媒,2025-02-24,8.15,9.9865,1,61645977.85,136740007.29,75094029.44,211834036.73,0,0,0.0,0.0,0.0,36.5159129,33.82594417,125.76177285,76.87362468
329,600965,福成股份,2025-02-24,4.7,10.0703,1,13228179.0,18838540.0,5610361.0,24448901.0,0,0,0.0,0.0,0.0,16.33663366,14.35523114,40.71856287,-1.59779619
330,603395,红四方,2025-02-24,50.07,5.0126,1,-45958000.2,66205356.9,112163357.1,178368714.0,0,0,0.0,0.0,0.0,11.06921029,527.44360902,527.44360902,527.44360902
331,688165,埃夫特,2025-02-24,38.28,20.0,1,148399495.71,307012558.76,158613063.05,465625621.81,0,0,0.0,0.0,0.0,17.53147068,149.8694517,423.66621067,336.98630137
332,688379,华光新材,2025-02-24,28.37,20.0085,1,14859647.86,27600396.97,12740749.11,40341146.08,0,0,0.0,0.0,0.0,27.62033288,26.65178571,133.11421528,87.75417371
333,830964,润农节水,2025-02-24,8.96,0.7874,1,-10340000.6,33271032.35,43611032.95,76882065.3,0,0,0.0,0.0,0.0,33.53204173,-5.48523207,224.63768116,174.75098608
334,900920,动力B股,2025-02-24,0.207,7.2539,1,77361.11,212859.71,135498.6,348358.31,0,0,0.0,0.0,0.0,5.6122449,-5.47945205,44.75524476,0.48543689
335,000938,紫光股份,2025-02-21,32.42,10.0102,1,131453874.34,942364491.67,810910617.33,1753275109.0,4,1,289864702.01,365656442.64,75791740.63,26.59117532,24.83634963,66.17119426,87.51603292
336,001314,亿道信息,2025-02-21,58.49,3.248,1,-20664888.76,129395042.28,150059931.04,279454973.32,2,3,-32782591.04,20599776.0,53382367.04,27.59598604,29.51727192,53.92105263,44.17373239
337,002126,银轮股份,2025-02-21,30.25,10.0,1,-31857905.67,598041080.26,629898985.93,1227940066.19,0,1,-156694389.52,0.0,156694389.52,49.38271605,60.98988824,96.17380026,86.82450443
338,002281,光迅科技,2025-02-21,57.59,10.0096,1,195545749.18,599908530.83,404362781.65,1004271312.48,2,1,14385223.2,61501073.17,47115849.97,11.71677983,26.32156175,95.08807588,120.78675813
339,002979,雷赛智能,2025-02-21,53.86,10.0082,1,127453085.39,620399966.65,492946881.26,1113346847.91,4,3,135791463.24,246098717.3,110307254.06,64.00730816,84.26274376,154.17649835,255.42511805
340,002990,盛视科技,2025-02-21,33.7,9.9869,1,15924785.12,210641228.73,194716443.61,405357672.34,3,2,-3019677.89,43052521.5,46072199.39,49.91103203,41.41838019,89.11335578,53.57269439
341,300077,国民技术,2025-02-21,28.25,20.0085,1,439869287.69,669300375.0,229431087.31,898731462.31,1,1,69883796.69,83313023.0,13429226.31,16.25514403,-4.91417031,194.88517745,197.36842105
342,300442,润泽科技,2025-02-21,68.58,20.0,1,259833205.8,712446050.52,452612844.72,1165058895.24,2,2,117932936.0,162908215.0,44975279.0,26.64819945,109.72477064,212.16160079,211.42295155
343,300593,新雷能,2025-02-21,14.4,11.8881,1,-11672100.29,313657691.98,325329792.27,638987484.25,4,5,-25902705.02,166694166.58,192596871.6,34.32835821,15.01597444,54.34083601,48.4366239
344,301389,隆扬电子,2025-02-21,26.5,15.67,1,35713901.72,253612748.2,217898846.48,471511594.68,2,3,-19736925.77,50930320.0,70667245.77,56.06595995,63.58024691,97.76119403,130.09296479
345,600184,光电股份,2025-02-21,12.83,10.0343,1,47576485.36,73646472.86,26069987.5,99716460.36,1,0,23593276.5,23593276.5,0.0,27.66169154,17.92279412,53.65269461,46.78056039
346,600192,长城电工,2025-02-21,6.22,10.0885,1,21800129.4,29779055.4,7978926.0,37757981.4,0,0,0.0,0.0,0.0,9.12280702,-3.41614907,27.72073922,70.4109589
347,600198,大唐电信,2025-02-21,10.09,10.0327,1,-61911707.0,115476505.0,177388212.0,292864717.0,0,0,0.0,0.0,0.0,19.97621879,-8.77034358,96.68615984,89.66165414
348,600835,上海机电,2025-02-21,23.28,10.0189,1,128910103.97,496909489.23,367999385.26,864908874.49,1,1,102370000.59,186336398.59,83966398.0,35.82263711,23.8956892,107.25935901,105.53040018
349,600863,内蒙华电,2025-02-21,3.86,-6.5375,1,-183951804.05,77764643.43,261716447.48,339481090.91,1,1,-63746094.09,10193529.0,73939623.09,-6.53753027,-12.47165533,-5.39215686,-6.20355133
350,603758,秦安股份,2025-02-21,13.55,9.7166,1,12662378.39,128598684.9,115936306.51,244534991.41,1,1,28033811.37,49492956.38,21459145.01,52.53354775,61.90119321,109.16276907,79.62710646
351,603950,长源东谷,2025-02-21,26.79,10.0205,1,82687710.47,172417476.47,89729766.0,262147242.47,3,2,92617359.47,120819155.47,28201796.0,44.90773682,82.09123868,125.62815397,96.31296316
352,605499,东鹏饮料,2025-02-21,215.0,-6.5217,1,-388583007.41,317112748.8,705695756.21,1022808505.01,1,2,-85568453.49,57416492.59,142984946.08,-12.88139714,-1.60183066,19.41923231,58.09168031
353,688256,寒武纪,2025-02-21,742.21,19.9997,1,1530703744.05,2719767323.46,1189063579.41,3908830902.87,0,1,-134557642.49,0.0,134557642.49,20.05596713,56.25473684,199.30236309,474.02165507
354,688279,峰岹科技,2025-02-21,297.72,20.0,1,-18029518.38,143607501.41,161637019.79,305244521.2,4,1,65552801.58,89204214.49,23651412.91,60.36628064,108.1958042,201.27504554,236.24350529
355,688629,华丰科技,2025-02-21,64.49,20.0037,1,-178475880.6,287776987.85,466252868.45,754029856.3,3,3,-166261886.04,157627231.52,323889117.56,71.10639427,88.67758923,150.05816208,235.79521517
356,688719,爱科赛博,2025-02-21,36.25,19.9934,1,-44012920.63,74907780.8,118920701.43,193828482.23,2,0,27525773.62,27525773.62,0.0,37.72796353,26.43878619,61.73550847,0.49515492
357,838837,华原股份,2025-02-21,14.95,20.3704,1,13668762.83,28858350.72,15189587.89,44047938.61,0,0,0.0,0.0,0.0,37.91512915,-1.57998683,188.61003861,92.05234056
358,873593,鼎智科技,2025-02-21,67.02,27.4387,1,50381998.38,127020371.57,76638373.19,203658744.76,0,0,0.0,0.0,0.0,51.38920262,59.30591871,297.03791469,172.47277429
359,000609,*ST中迪,2025-02-20,2.76,4.943,1,1876815.74,20745708.84,18868893.1,39614601.94,1,1,-1780656.67,2266013.0,4046669.67,6.56370656,11.74089069,55.93220339,-28.86597938
360,002273,水晶光电,2025-02-20,25.19,10.0,1,-106370759.82,350849251.25,457220011.07,808069262.32,1,2,-56002073.69,30205215.17,86207288.86,22.04457364,13.98190045,44.54089171,144.27033595
361,002347,泰尔股份,2025-02-20,8.68,-7.3639,1,-21741497.08,42742220.0,64483717.08,107225937.08,0,0,0.0,0.0,0.0,18.90410959,77.86885246,136.51226158,133.96226415
362,002426,胜利精密,2025-02-20,3.61,10.061,1,95653213.0,212331825.0,116678612.0,329010437.0,1,1,-10960640.0,2535812.0,13496452.0,15.70512821,42.68774704,116.16766467,127.04402516
363,002593,日上集团,2025-02-20,5.96,3.1142,1,-62717453.78,100746053.3,163463507.08,264209560.38,3,3,18473820.14,69833030.14,51359210.0,11.40186916,83.38461538,113.62007168,107.30880161
364,300019,硅宝科技,2025-02-20,18.32,19.9738,1,42171733.02,122662626.14,80490893.12,203153519.26,0,0,0.0,0.0,0.0,27.57660167,-6.86324352,65.04504505,38.42969696
365,300571,平治信息,2025-02-20,37.86,1.7742,1,-133531076.15,131662377.0,265193453.15,396855830.15,3,4,-125992530.11,23129547.0,149122077.11,54.27872861,46.29057187,87.98411122,67.59628154
366,300817,双飞集团,2025-02-20,23.1,20.0,1,73135322.67,204868534.17,131733211.5,336601745.67,3,3,7693299.12000001,94922700.44,87229401.32,71.875,73.03370787,143.41412013,190.2646377
367,301101,明月镜片,2025-02-20,55.63,19.9957,1,-36208779.57,98989495.59,135198275.16,234187770.75,2,1,-13453449.0,17821236.0,31274685.0,45.59015964,65.31946508,120.22961203,81.34353564
368,600143,金发科技,2025-02-20,12.36,9.9644,1,38456928.64,133602331.0,95145402.36,228747733.36,0,2,-31439425.8,0.0,31439425.8,40.61433447,41.4187643,80.4379562,76.7178253
369,600814,杭州解百,2025-02-20,8.76,10.0503,1,7632237.78,63185976.39,55553738.61,118739715.0,0,1,-28414901.0,0.0,28414901.0,20.66115702,28.25768668,48.72665535,51.40281019
370,600992,贵绳股份,2025-02-20,15.35,10.0358,1,33924053.0,61105042.0,27180989.0,88286031.0,0,0,0.0,0.0,0.0,11.71761281,0.5897772,11.46212778,33.06281628
371,603226,菲林格尔,2025-02-20,5.75,-9.4488,1,-8538386.49,17176480.54,25714867.03,42891347.57,0,0,0.0,0.0,0.0,15.46184739,13.18897638,83.12101911,55.40540541
372,603511,爱慕股份,2025-02-20,15.24,10.0361,1,30996824.0,46808822.0,15811998.0,62620820.0,0,1,-2982591.0,0.0,2982591.0,-8.46846847,26.47302905,43.09859155,30.19343322
373,603848,好太太,2025-02-20,15.6,-7.4184,1,-93129403.3,16132624.0,109262027.3,125394651.3,0,2,-31190776.0,0.0,31190776.0,15.98513011,4.41767068,23.71134021,17.62082749
374,603991,至正股份,2025-02-20,57.85,-10.0031,1,-63614314.2,16595120.0,80209434.2,96804554.2,0,0,0.0,0.0,0.0,1.66959578,-12.28203184,59.10341034,78.2742681
375,605376,博迁新材,2025-02-20,38.95,9.9972,1,42077818.73,170418896.98,128341078.25,298759975.23,1,0,29245953.84,29245953.84,0.0,29.18739635,38.76024225,90.34254991,112.40302985
376,688059,华锐精密,2025-02-20,61.38,20.0,1,20922449.57,69103026.79,48180577.22,117283604.01,0,2,-19111047.36,0.0,19111047.36,44.45751942,24.52830189,40.4576659,10.64850661
377,688433,华曙高科,2025-02-20,39.99,17.9646,1,48730278.86,121226372.13,72496093.27,193722465.4,3,1,93658403.55,103430833.44,9772429.89,60.28056112,103.40793489,145.78979717,87.93740653
378,688519,南亚新材,2025-02-20,31.05,17.9711,1,121226949.9,201325449.15,80098499.25,281423948.4,2,0,162601115.73,162601115.73,0.0,35.17631694,37.57199823,60.28747208,102.1241633
379,688573,信宇人,2025-02-20,20.6,19.9767,1,9170805.12000001,47317986.78,38147181.66,85465168.44,0,0,0.0,0.0,0.0,37.33333333,5.58687852,43.25452017,28.94563355
380,831834,三维股份,2025-02-20,11.21,29.8957,1,-20045711.4,27171376.74,47217088.14,74388464.88,0,0,0.0,0.0,0.0,38.90954151,20.15005359,142.54819649,104.6973851
381,873001,纬达光电,2025-02-20,24.75,29.9895,1,27859229.78,62244479.66,34385249.88,96629729.54,0,0,0.0,0.0,0.0,47.32142857,17.0212766,176.22767857,121.3897595
382,873693,阿为特,2025-02-20,50.99,19.2749,1,3181207.44,31303381.84,28122174.4,59425556.24,0,0,0.0,0.0,0.0,23.73210386,-5.48656163,136.612529,64.56438684
383,000065,北方国际,2025-02-19,11.98,10.0092,1,93737931.32,253437839.21,159699907.89,413137747.1,0,0,0.0,0.0,0.0,22.99794661,5.45774648,33.11111111,17.771681
384,000876,新希望,2025-02-19,10.44,10.0105,1,42540985.91,218706143.4,176165157.49,394871300.89,1,0,31064530.88,31064530.88,0.0,20.83333333,7.73993808,10.35940803,21.96261682
385,300853,申昊科技,2025-02-19,29.33,7.8705,1,66099170.05,367375220.3,301276050.25,668651270.55,4,4,-49389586.4,212942170.6,262331757.0,41.89646831,67.31317741,136.72316384,78.68835567
386,301398,星源卓镁,2025-02-19,61.2,20.0,1,-25278754.01,115402181.75,140680935.76,256083117.51,2,2,27325736.96,33488581.0,6162844.04,25.92592593,33.5078534,66.1237785,82.42802148
387,600498,烽火通信,2025-02-19,27.93,10.0039,1,259140251.85,490021655.3,230881403.45,720903058.75,0,0,0.0,0.0,0.0,45.54455446,52.12418301,93.15352697,91.16821964
388,601002,晋亿实业,2025-02-19,4.92,10.0671,1,22568784.0,38699274.0,16130490.0,54829764.0,0,0,0.0,0.0,0.0,10.81081081,10.81081081,62.91390728,48.60749187
389,603011,合锻智能,2025-02-19,7.98,10.069,1,31990906.0,42284330.0,10293424.0,52577754.0,0,0,0.0,0.0,0.0,12.87128713,5.83554377,40.0,51.71102662
390,688322,奥比中光,2025-02-19,68.1,17.5963,1,-47362824.16,186642072.05,234004896.21,420646968.26,2,1,42862167.48,83449446.08,40587278.6,38.97959184,121.53545869,168.74506709,180.70898599
391,688347,华虹公司,2025-02-19,60.28,17.9648,1,-80469118.89,833117358.14,913586477.03,1746703835.17,3,0,335829405.46,335829405.46,0.0,28.63849765,28.44662263,95.20725389,98.39256604
392,688381,帝奥微,2025-02-19,24.94,20.0192,1,11686234.72,123866252.76,112180018.04,236046270.8,0,0,0.0,0.0,0.0,35.76483397,25.83249243,34.01397098,43.94822142
393,688401,路维光电,2025-02-19,32.72,19.9853,1,-22260564.03,135580189.9,157840753.93,293420943.83,0,0,0.0,0.0,0.0,27.16673144,17.48653501,60.31357178,25.05030899
394,002328,新朋股份,2025-02-18,6.79,10.0486,1,-24072068.48,68713342.0,92785410.48,161498752.48,3,3,-19880119.78,16080458.1,35960577.88,15.08474576,21.23534199,50.6743875,49.31086556
395,002490,ST墨龙,2025-02-18,3.81,4.9587,1,1467833.82,25202085.0,23734251.18,48936336.18,1,1,1206011.82,5553556.0,4347544.18,17.23076923,45.41984733,115.25423729,43.77358491
396,002575,群兴玩具,2025-02-18,8.14,-9.9558,1,-20935548.0,99587443.0,120522991.0,220110434.0,3,3,48867940.0,63817337.0,14949397.0,21.67414051,33.88157895,95.67307692,82.92134831
397,002622,皓宸医疗,2025-02-18,3.2,-6.7055,1,-31476545.64,34169007.0,65645552.64,99814559.64,3,4,-20676942.64,17634532.0,38311474.64,17.64705882,0.62893082,120.68965517,79.7752809
398,002893,京能热力,2025-02-18,11.72,10.0469,1,18214082.91,69084237.8,50870154.89,119954392.69,3,3,16375008.8,29580928.8,13205920.0,22.46603971,2.98769772,37.39742087,54.25930765
399,300490,华自科技,2025-02-18,9.62,19.9501,1,-148821472.0,83994431.0,232815903.0,316810334.0,0,0,0.0,0.0,0.0,28.43791722,-3.99201597,25.42372881,25.09752926
400,300648,星云股份,2025-02-18,27.3,20.0,1,27619849.0,60629126.0,33009277.0,93638403.0,4,4,-15557965.0,11860056.0,27418021.0,25.40192926,-0.40131339,68.83116883,71.48241206
401,600326,西藏天路,2025-02-18,6.77,10.0813,1,-16152903.88,115670250.03,131823153.91,247493403.94,0,0,0.0,0.0,0.0,12.08609272,-13.20512821,12.64559068,123.43234323
402,601616,广电电气,2025-02-18,4.96,9.9778,1,-24419652.0,65702424.0,90122076.0,155824500.0,0,0,0.0,0.0,0.0,22.77227723,34.7826087,75.88652482,108.37887358
403,603189,网达软件,2025-02-18,17.44,-10.0103,1,-66923559.62,29830009.0,96753568.62,126583577.62,0,0,0.0,0.0,0.0,20.69204152,5.3776435,56.69362084,95.48487979
404,603585,苏利股份,2025-02-18,12.66,-10.0213,1,-35741950.0,16128972.0,51870922.0,67999894.0,0,0,0.0,0.0,0.0,5.67612688,4.8013245,22.6744186,26.8712911
405,603879,ST永悦,2025-02-18,4.19,3.7129,1,6017145.2,29156855.15,23139709.95,52296565.1,0,0,0.0,0.0,0.0,15.10989011,11.14058355,47.53521127,23.96449704
406,688577,浙海德曼,2025-02-18,55.34,15.2197,1,-39575828.91,35189801.69,74765630.6,109955432.29,2,2,-32875901.56,14100059.82,46975961.38,36.23830625,51.53340635,81.91978961,50.25087547
407,873152,天宏锂电,2025-02-18,19.89,8.9266,1,3080995.01,27038665.25,23957670.24,50996335.49,0,0,0.0,0.0,0.0,19.8915009,15.17081644,186.58200964,167.36648864
408,002739,万达电影,2025-02-17,11.94,-10.0226,1,39151898.15,286373371.61,247221473.46,533594845.07,0,1,-30236257.0,0.0,30236257.0,6.98924731,-1.88989318,16.8297456,-0.33388982
409,300280,紫天科技,2025-02-17,15.9,-16.5354,1,16987792.7,106223492.0,89235699.3,195459191.3,5,5,6105310.7,87247946.0,81142635.3,-12.34840132,-8.62068966,9.05349794,-47.0
410,300657,弘信电子,2025-02-17,36.5,13.0731,1,87823491.71,818685029.34,730861537.63,1549546566.97,2,1,144943519.91,217294846.77,72351326.86,77.87524366,71.28108869,157.04225352,176.51515152
411,300911,亿田智能,2025-02-17,39.6,20.0,1,3539619.54000001,81785425.89,78245806.35,160031232.24,2,2,12534249.89,31528300.39,18994050.5,40.37575328,50.62761506,86.44067797,111.64797615
412,600884,杉杉股份,2025-02-17,6.6,-8.078,1,-204578723.54,69297199.25,273875922.79,343173122.04,0,0,0.0,0.0,0.0,-10.81081081,-22.80701754,-8.07799443,-43.20831298
413,601777,千里科技,2025-02-17,8.75,10.0629,1,96978777.14,225773981.71,128795204.57,354569186.28,0,0,0.0,0.0,0.0,40.4494382,24.28977273,118.75,184.09090909
414,603095,越剑智能,2025-02-17,25.04,-9.9928,1,-87164031.6,17825145.0,104989176.6,122814321.6,0,0,0.0,0.0,0.0,15.7116451,15.7116451,58.80495239,126.19858366
415,603682,锦和商管,2025-02-17,6.62,7.4675,1,16982700.2,80000985.96,63018285.76,143019271.72,0,0,0.0,0.0,0.0,-11.26005362,49.77375566,87.49455377,68.3810313
416,603818,曲美家居,2025-02-17,3.14,10.1754,1,17225412.0,23355006.0,6129594.0,29484600.0,0,0,0.0,0.0,0.0,14.59854015,5.64556511,36.15527572,-2.20426016
417,603838,四通股份,2025-02-17,5.68,10.0775,1,5467416.04,9255386.0,3787969.96,13043355.96,0,0,0.0,0.0,0.0,-3.89170897,-9.84126984,35.88516746,46.77002584
418,605298,必得科技,2025-02-17,14.89,6.8149,1,-9261479.7,23987940.8,33249420.5,57237361.3,0,0,0.0,0.0,0.0,16.2373146,15.78538103,88.24273072,128.56091433
419,688277,天智航,2025-02-17,14.64,16.6534,1,26266229.54,68641962.06,42375732.52,111017694.58,0,1,-6716529.54,0.0,6716529.54,52.02492212,43.1085044,91.87418087,62.3059867
420,688399,硕世生物,2025-02-17,75.0,16.0452,1,19784484.38,87840775.18,68056290.8,155897065.98,0,0,0.0,0.0,0.0,18.78365537,-7.32731991,-3.96927017,41.03046258
421,000099,中信海直,2025-02-14,28.48,4.3223,1,25352824.25,205217501.02,179864676.77,385082177.79,1,1,-18250089.03,8409091.0,26659180.03,26.91622103,-4.93991989,69.62477665,225.24121032
422,000833,粤桂股份,2025-02-14,13.46,-4.1993,1,-81168412.25,193677158.55,274845570.8,468522729.35,1,1,48233944.8,49491741.8,1257797.0,27.34153264,41.23819517,164.96062992,254.27416391
423,002542,中化岩土,2025-02-14,4.4,4.5131,1,51203635.11,131549375.81,80345740.7,211895116.51,1,1,7092529.0,12270999.0,5178470.0,26.43678161,-14.0625,195.30201342,125.64102564
424,200012,南玻B,2025-02-14,2.15,8.0402,1,1637928.77,6460876.84,4822948.07,11283824.91,0,0,0.0,0.0,0.0,-4.01785714,-13.65461847,-8.11965812,2.18293638
425,300212,易华录,2025-02-14,29.53,19.9919,1,120482270.0,359172295.68,238690025.68,597862321.36,4,2,122164053.04,157164883.84,35000830.8,43.27996118,0.03387534,83.53014295,33.98366606
426,300530,领湃科技,2025-02-14,24.48,20.0,1,35745896.24,88784724.58,53038828.34,141823552.92,2,2,22788235.16,35298468.0,12510232.84,50.09196812,6.89956332,60.52459016,100.6557377
427,600397,安源煤业,2025-02-14,5.14,10.0642,1,26568944.0,47517883.0,20948939.0,68466822.0,0,0,0.0,0.0,0.0,25.36585366,93.23308271,163.58974359,147.11538462
428,600601,方正科技,2025-02-14,4.88,-8.0979,1,58399507.32,127240064.2,68840556.88,196080621.08,0,0,0.0,0.0,0.0,1.03519669,19.60784314,78.75457875,105.04201681
429,600734,实达集团,2025-02-14,4.49,10.049,1,8354312.76000001,106186860.0,97832547.24,204019407.24,0,0,0.0,0.0,0.0,28.65329513,22.67759563,59.21985816,72.03065134
430,603117,万林物流,2025-02-14,6.91,10.0318,1,-20218987.49,80320984.0,100539971.49,180860955.49,0,0,0.0,0.0,0.0,28.43866171,-16.34382567,55.63063063,172.04724409
431,603768,常青股份,2025-02-14,13.81,10.0398,1,7943543.36,48062390.0,40118846.64,88181236.64,0,0,0.0,0.0,0.0,21.14035088,-6.8779501,25.71514971,26.86009643
432,603822,嘉澳环保,2025-02-14,44.38,-9.6682,1,-28486896.39,42519145.12,71006041.51,113525186.63,0,0,0.0,0.0,0.0,3.52227665,16.17801047,104.89381348,151.58730159
433,688435,英方软件,2025-02-14,51.16,20.0094,1,-12602371.92,70583382.09,83185754.01,153769136.1,1,0,16737138.17,16737138.17,0.0,86.10403783,31.3478819,148.59086492,74.78647079
434,839680,广道数字,2025-02-14,22.41,13.1247,1,-8410942.79,24589595.13,33000537.92,57590133.05,0,0,0.0,0.0,0.0,63.69612856,-18.18181818,99.2,32.38543747
435,002418,康盛股份,2025-02-13,3.77,9.9125,1,47031389.58,159083233.97,112051844.39,271135078.36,2,2,14931518.55,55636501.97,40704983.42,10.88235294,40.67164179,109.44444444,97.38219895
436,300027,华谊兄弟,2025-02-13,3.5,19.863,1,157786589.27,278367456.21,120580866.94,398948323.15,0,0,0.0,0.0,0.0,49.57264957,4.79041916,103.48837209,69.0821256
437,300071,福石控股,2025-02-13,7.88,19.9391,1,34745180.88,270242883.88,235497703.0,505740586.88,1,2,-117304345.0,39018741.0,156323086.0,82.83062645,92.66503667,254.95495495,266.51162791
438,600340,华夏幸福,2025-02-13,2.83,10.1167,1,65718726.2,164596465.2,98877739.0,263474204.2,0,0,0.0,0.0,0.0,20.42553191,-13.19018405,166.98113208,108.08823529
439,600503,华丽家族,2025-02-13,2.92,10.1887,1,38389488.38,79432904.38,41043416.0,120476320.38,0,0,0.0,0.0,0.0,21.16182573,14.96062992,65.90909091,43.1372549
440,600868,梅雁吉祥,2025-02-13,3.05,10.1083,1,35795628.0,76184261.0,40388633.0,116572894.0,0,0,0.0,0.0,0.0,21.03174603,22.98387097,78.3625731,38.00904977
441,601599,浙文影业,2025-02-13,4.49,10.049,1,46952680.29,115727035.19,68774354.9,184501390.09,0,0,0.0,0.0,0.0,33.23442136,21.02425876,60.93189964,58.09859155
442,603666,亿嘉和,2025-02-13,35.8,3.1998,1,199644510.29,437676924.71,238032414.42,675709339.13,1,1,125279940.85,157826735.1,32546794.25,38.86733902,34.18290855,165.97325409,61.55234657
443,831627,力王股份,2025-02-13,26.69,8.2759,1,-3920801.71,24820913.53,28741715.24,53562628.77,0,0,0.0,0.0,0.0,44.03669725,10.56338028,235.30150754,164.78174315
444,600070,*ST富润,2025-02-12,1.49,4.9296,1,4666521.45,13461316.45,8794795.0,22256111.45,0,0,0.0,0.0,0.0,15.50387597,-22.79792746,11.19402985,-3.87096774
445,600172,黄河旋风,2025-02-12,4.48,10.0737,1,45079280.5,107605887.7,62526607.2,170132494.9,0,0,0.0,0.0,0.0,4.6728972,23.41597796,121.78217822,65.92592593
446,600327,大东方,2025-02-12,5.68,10.0775,1,42285254.0,99342096.0,57056842.0,156398938.0,0,0,0.0,0.0,0.0,14.51612903,38.19951338,67.05882353,57.250924
447,600387,*ST海越,2025-02-12,3.09,5.102,1,3234442.0,4110885.0,876443.0,4987328.0,0,0,0.0,0.0,0.0,19.76744186,-12.21590909,18.84615385,-34.67230444
448,600405,动力源,2025-02-12,5.56,10.099,1,14999587.0,38564811.0,23565224.0,62130035.0,0,0,0.0,0.0,0.0,1.45985401,18.04670913,58.4045584,55.30726257
449,600516,方大炭素,2025-02-12,5.13,10.0858,1,19542113.05,72306463.49,52764350.44,125070813.93,0,0,0.0,0.0,0.0,13.24503311,-8.88099467,15.54054054,4.38554858
450,688135,利扬芯片,2025-02-12,22.86,20.0,1,17907651.16,90423228.99,72515577.83,162938806.82,0,0,0.0,0.0,0.0,45.8838545,10.00962464,49.70530452,45.97997842
451,688153,唯捷创芯,2025-02-12,43.16,19.9889,1,9144923.17,131639227.13,122494303.96,254133531.09,1,1,-313762.82,14233684.45,14547447.27,45.31986532,4.50363196,32.51458397,-25.47557091
452,688512,慧智微,2025-02-12,12.28,20.0391,1,8275752.79000001,50356981.27,42081228.48,92438209.75,0,0,0.0,0.0,0.0,32.18514532,-2.53968254,75.6795422,17.51196172
453,837174,宏裕包材,2025-02-12,13.29,-0.3748,1,3661261.98,15217424.28,11556162.3,26773586.58,0,0,0.0,0.0,0.0,12.15189873,-10.80536913,56.16921269,36.69041019
454,000056,皇庭国际,2025-02-11,3.39,10.0649,1,-15349108.22,138594936.0,153944044.22,292538980.22,4,4,13478342.78,88102347.0,74624004.22,35.05976096,8.30670927,80.31914894,78.42105263
455,002397,梦洁股份,2025-02-11,3.87,9.9432,1,21966776.64,73629581.64,51662805.0,125292386.64,2,2,-10224749.36,13245519.64,23470269.0,14.49704142,38.21428571,100.51813472,67.53246753
456,002647,*ST仁东,2025-02-11,6.12,4.2589,1,-1821276.5,50710079.5,52531356.0,103241435.5,1,1,-1444755.5,11628235.5,13072991.0,40.04576659,-24.16356877,61.05263158,67.21311475
457,002750,*ST龙津,2025-02-11,1.62,5.1948,1,-5333786.74,7692751.0,13026537.74,20719288.74,0,0,0.0,0.0,0.0,-11.47540984,-40.44117647,-35.2,-68.96551724
458,002835,同为股份,2025-02-11,23.67,9.9907,1,26209217.0,80746073.0,54536856.0,135282929.0,3,3,-12575337.0,12090221.0,24665558.0,39.15343915,35.25714286,66.33872101,113.92109304
459,002865,钧达股份,2025-02-11,60.27,-8.6541,1,-131018168.02,134549394.0,265567562.02,400116956.02,2,4,-130139762.21,17187509.0,147327271.21,18.52507375,-20.75992637,40.03252788,5.17642095
460,300839,博汇股份,2025-02-11,8.84,19.9457,1,18974520.76,57933824.0,38959303.24,96893127.24,0,0,0.0,0.0,0.0,37.69470405,17.24137931,23.63636364,11.47540984
461,301536,星宸科技,2025-02-11,89.28,0.2695,1,-49365904.08,193706596.31,243072500.39,436779096.7,1,1,-26641352.35,12141501.1,38782853.45,20.89370345,85.30510585,162.66548985,453.88426262
462,600081,东风科技,2025-02-11,13.08,10.0084,1,-10605431.88,71090888.01,81696319.89,152787207.9,0,0,0.0,0.0,0.0,36.1082206,19.67063129,53.94117238,59.52549544
463,600477,杭萧钢构,2025-02-11,2.92,10.1887,1,30530238.71,61201835.24,30671596.53,91873431.77,0,0,0.0,0.0,0.0,23.20675105,-5.19480519,27.31993523,2.46361522
464,600708,光明地产,2025-02-11,3.41,-8.3333,1,-35224343.71,20910731.97,56135075.68,77045807.65,0,0,0.0,0.0,0.0,-13.45177665,7.91139241,80.42328042,81.38297872
465,603126,中材节能,2025-02-11,6.79,10.0486,1,23664398.0,52439924.0,28775526.0,81215450.0,0,0,0.0,0.0,0.0,11.12929624,9.16398714,27.63157895,20.8681963
466,603778,国晟科技,2025-02-11,3.6,10.0917,1,22721620.0,31536356.0,8814736.0,40351092.0,0,0,0.0,0.0,0.0,26.76056338,-8.86075949,26.76056338,6.19469027
467,688255,凯尔达,2025-02-11,48.82,20.0098,1,-13901566.86,66064902.12,79966468.98,146031371.1,0,0,0.0,0.0,0.0,74.66905188,106.95209835,172.73743017,200.26118552
468,688260,昀冢科技,2025-02-11,19.09,19.9874,1,15686167.2,64284754.03,48598586.83,112883340.86,0,0,0.0,0.0,0.0,47.86986832,-4.55,50.78988942,48.791894
469,831906,舜宇精工,2025-02-11,26.65,30.0,1,16260044.5,39181305.93,22921261.43,62102567.36,0,0,0.0,0.0,0.0,50.47995483,26.30331754,146.53098982,84.1093255
470,833030,立方控股,2025-02-11,22.86,6.0297,1,4267015.89,30443178.81,26176162.92,56619341.73,0,0,0.0,0.0,0.0,47.48387097,9.53521802,65.29284165,129.79019909
471,834021,流金科技,2025-02-11,8.2,22.9385,1,22828275.19,59914113.61,37085838.42,96999952.03,0,0,0.0,0.0,0.0,53.84615385,-10.57797165,160.31746032,95.94769498
472,836395,朗鸿科技,2025-02-11,21.35,29.9452,1,-8830915.03,38959171.5,47790086.53,86749258.03,0,0,0.0,0.0,0.0,64.86486486,32.24630854,206.37375901,296.7010613
473,836414,欧普泰,2025-02-11,15.2,19.8738,1,12409039.94,33627535.8,21218495.86,54846031.66,0,1,-2158346.48,0.0,2158346.48,42.32209738,0.0,134.56790123,61.03512121
474,838227,美登科技,2025-02-11,67.98,15.2203,1,2209031.78,32813073.51,30604041.73,63417115.24,0,0,0.0,0.0,0.0,49.40659341,61.74161313,242.81391831,237.04007593
475,839790,联迪信息,2025-02-11,46.79,11.4313,1,-5673125.31,39383269.05,45056394.36,84439663.41,1,0,8575087.7,8575087.7,0.0,58.61016949,34.9581771,493.45697111,467.11921843
476,920016,中草香料,2025-02-11,27.18,20.3187,1,5709444.8,17783250.13,12073805.33,29857055.46,0,0,0.0,0.0,0.0,31.49492017,-1.80398917,263.97988015,263.97988015
477,000536,华映科技,2025-02-10,5.39,10.0,1,-110325878.89,354443163.1,464769041.99,819212205.09,3,3,-15491468.09,63954865.0,79446333.09,23.05936073,-33.12655087,159.13461538,134.34782609
478,000903,云内动力,2025-02-10,3.29,10.0334,1,-47951292.3,183206801.83,231158094.13,414364895.96,2,2,8629510.0,38147942.0,29518432.0,0.9202454,2.49221184,80.76923077,78.80434783
479,001229,魅视科技,2025-02-10,38.87,5.1962,1,-107399410.71,82207236.77,189606647.48,271813884.25,1,1,2521404.77,8675560.77,6154156.0,12.86295006,43.69685767,55.91656639,82.22589625
480,001301,尚太科技,2025-02-10,53.35,-6.7634,1,-21376524.11,88106928.0,109483452.11,197590380.11,3,4,-9781483.0,26811238.0,36592721.0,-16.28746273,-26.71703297,47.25365719,93.57838468
481,001368,通达创智,2025-02-10,22.59,-5.8358,1,-11441244.52,28306626.0,39747870.52,68054496.52,1,2,-6804456.2,7913420.0,14717876.2,13.57466063,14.31618617,34.43530722,32.27283474
482,002175,东方智造,2025-02-10,5.81,10.0379,1,77261389.01,398683105.4,321421716.39,720104821.79,3,3,46563549.16,284474729.6,237911180.44,28.53982301,99.65635739,209.04255319,222.77777778
483,002448,中原内配,2025-02-10,8.06,1.8963,1,-8718180.41,105489773.0,114207953.41,219697726.41,2,2,24722454.29,39149882.0,14427427.71,36.14864865,26.3322884,44.7037702,56.58550234
484,300603,立昂技术,2025-02-10,13.34,19.964,1,116306440.18,163307368.48,47000928.3,210308296.78,0,0,0.0,0.0,0.0,45.79234973,30.2734375,89.21985816,81.25
485,600846,同济科技,2025-02-10,8.97,10.0613,1,-8929541.34,72406722.84,81336264.18,153742987.02,0,0,0.0,0.0,0.0,11.56716418,6.02836879,26.87411598,6.90943984
486,600979,广安爱众,2025-02-10,5.14,10.0642,1,-28142795.3,71924721.3,100067516.6,171992237.9,0,0,0.0,0.0,0.0,15.50561798,34.55497382,59.13312693,82.97989457
487,603297,永新光学,2025-02-10,113.88,5.2495,1,4898866.43000001,258122815.25,253223948.82,511346764.07,1,2,-40245222.22,32433533.0,72678755.22,31.59232725,5.22036404,99.61437336,57.8521823
488,688058,宝兰德,2025-02-10,41.5,12.1319,1,-14757468.7,38411843.12,53169311.82,91581154.94,0,0,0.0,0.0,0.0,62.109375,6.27400768,116.25846795,84.5115042
489,688080,映翰通,2025-02-10,48.3,6.2005,1,-42324952.29,81366533.98,123691486.27,205058020.25,0,1,-22360027.83,0.0,22360027.83,50.46728972,35.48387097,102.43084661,66.2635924
490,688327,云从科技,2025-02-10,16.67,20.0144,1,8519133.36999998,163758653.23,155239519.86,318998173.09,0,0,0.0,0.0,0.0,47.13150927,33.57371795,95.42790152,33.25339728
491,688365,光云科技,2025-02-10,17.74,20.0271,1,-5478100.14,101893625.21,107371725.35,209265350.56,0,1,-15326790.46,0.0,15326790.46,29.39460248,97.11111111,218.49192101,173.34360555
492,836149,旭杰科技,2025-02-10,15.08,30.0,1,11963653.12,38542522.45,26578869.33,65121391.78,0,0,0.0,0.0,0.0,24.7311828,-19.91502921,163.63636364,172.15054356
493,900946,天雁B股,2025-02-10,0.198,10.0,1,144177.37,347676.8,203499.43,551176.23,0,0,0.0,0.0,0.0,15.11627907,6.4516129,67.79661017,26.92307692
494,920116,星图测控,2025-02-10,64.19,23.6802,1,5593751.53,43376556.52,37782804.99,81159361.51,0,0,0.0,0.0,0.0,24.44746026,827.60115607,827.60115607,827.60115607
495,001266,宏英智能,2025-02-07,25.17,4.57,1,48466841.13,74901653.45,26434812.32,101336465.77,3,3,971714.079999998,20615308.4,19643594.32,25.47357926,19.51566952,22.72062409,4.48274296
496,001356,富岭股份,2025-02-07,14.95,-2.7326,1,-19820317.5,48826290.47,68646607.97,117472898.44,2,2,-5570030.75,18877803.0,24447833.75,182.0754717,182.0754717,182.0754717,182.0754717
497,300630,*ST普利,2025-02-07,2.84,19.8312,1,-2654759.0,13915539.0,16570298.0,30485837.0,0,0,0.0,0.0,0.0,-63.21243523,-75.26132404,-70.2617801,-82.94294294
498,301030,仕净科技,2025-02-07,22.5,20.0,1,53133888.5,160658373.87,107524485.37,268182859.24,0,1,-13950000.0,0.0,13950000.0,-1.48861646,-33.88186894,-4.78205671,-24.20101878
499,301488,豪恩汽电,2025-02-07,67.08,3.5025,1,-24112517.62,71043783.44,95156301.06,166200084.5,1,1,20561038.49,30619910.49,10058872.0,33.99920096,9.51836735,23.64976959,73.9395726
500,600732,爱旭股份,2025-02-07,13.02,9.9662,1,-78397679.86,566209741.56,644607421.42,1210817162.98,2,0,158260282.71,158260282.71,0.0,28.02359882,-1.5128593,37.34177215,-3.19702602
501,600839,四川长虹,2025-02-07,10.52,10.0418,1,-65703376.25,1616238887.02,1681942263.27,3298181150.29,0,0,0.0,0.0,0.0,22.7537923,-20.54380665,144.17345209,164.21754144
502,603166,福达股份,2025-02-07,11.05,9.2977,1,39722169.4,203017797.8,163295628.4,366313426.2,0,0,0.0,0.0,0.0,59.91316932,49.32432432,139.27816205,157.26490316
503,603197,保隆科技,2025-02-07,43.53,4.3134,1,134683621.28,441388302.0,306704680.72,748092982.72,4,2,189095530.2,260264837.2,71169307.0,24.44253859,9.3718593,43.99577773,6.16242877
504,603390,通达电气,2025-02-07,11.18,10.0394,1,42743074.0,58241041.0,15497967.0,73739008.0,0,1,-2525886.0,0.0,2525886.0,13.38742394,15.73498965,-4.87322187,91.55488084
505,603496,恒为科技,2025-02-07,28.16,10.0,1,349005617.1,596458513.07,247452895.97,843911409.04,0,0,0.0,0.0,0.0,25.82663092,-4.44519851,31.83913498,48.40524632
506,603618,杭电股份,2025-02-07,6.35,10.052,1,14773744.25,24488449.25,9714705.0,34203154.25,0,0,0.0,0.0,0.0,25.0,15.66484517,46.31336406,61.81673891
507,603882,金域医学,2025-02-07,30.09,10.0183,1,87354158.59,308990932.33,221636773.74,530627706.07,1,3,10229333.36,123618651.4,113389318.04,12.65443654,-7.98165138,-2.27346541,-48.10119213
508,688048,长光华芯,2025-02-07,56.52,20.0,1,52228451.28,195855356.09,143626904.81,339482260.9,2,0,86176685.11,86176685.11,0.0,65.99118943,19.84732824,94.89655172,65.94245449
509,688114,华大智造,2025-02-07,55.0,15.425,1,131080312.43,356316623.49,225236311.06,581552934.55,4,2,201330692.05,278540393.01,77209700.96,17.34585022,10.775428,26.78653757,-19.11764706
510,688227,品高股份,2025-02-07,39.44,19.9878,1,35551218.87,94020397.67,58469178.8,152489576.47,1,0,54643721.17,54643721.17,0.0,63.71938564,77.65765766,265.52363299,287.04612365
511,832171,志晟信息,2025-02-07,23.55,29.9669,1,13398306.58,42462305.79,29063999.21,71526305.0,0,0,0.0,0.0,0.0,38.52941176,11.13732893,282.92682927,198.85786802
512,834770,艾能聚,2025-02-07,21.29,23.0636,1,26121808.67,59419309.34,33297500.67,92716810.01,0,0,0.0,0.0,0.0,34.32176656,-22.10025613,289.21389397,191.92500204
513,836871,派特尔,2025-02-07,16.51,30.0,1,-10362862.84,22556666.49,32919529.33,55476195.82,0,0,0.0,0.0,0.0,48.60486049,14.25605536,168.89250814,139.04993769
514,002594,比亚迪,2025-02-06,311.08,10.0,1,407265557.76,2415750118.71,2008484560.95,4424234679.66,3,3,139533836.14,449197733.11,309663896.97,14.90414804,1.16422764,34.56181331,87.44586763
515,002600,领益智造,2025-02-06,9.77,10.0225,1,259236891.82,513447308.65,254210416.83,767657725.48,2,2,-4169500.0,32649684.0,36819184.0,28.04718218,7.24478595,56.32,122.96512548
516,002808,ST恒久,2025-02-06,2.8,4.8689,1,-4942889.6,12556001.88,17498891.48,30054893.36,2,2,-1193519.68,2548205.52,3741725.2,-4.76190476,3.32103321,64.70588235,-13.61180025
517,300382,斯莱克,2025-02-06,12.31,19.9805,1,59539954.58,120576119.58,61036165.0,181612284.58,2,1,27078863.0,35204760.0,8125897.0,27.69709544,11.20144535,132.70321361,112.57331086
518,301261,恒工精密,2025-02-06,60.1,20.008,1,4015054.0,78542767.0,74527713.0,153070480.0,3,2,8611669.0,31880323.0,23268654.0,54.49871465,41.96199231,67.29831911,89.07562984
519,600595,中孚实业,2025-02-06,3.38,10.0977,1,23367084.5,124053035.3,100685950.8,224738986.1,2,0,82742141.3,82742141.3,0.0,23.35766423,9.38511327,43.22033898,29.00763359
520,600967,内蒙一机,2025-02-06,9.75,10.0451,1,72118841.18,141059218.25,68940377.07,209999595.32,2,0,101731628.0,101731628.0,0.0,23.88818297,18.57417993,31.74908882,51.21042323
521,603063,禾望电气,2025-02-06,27.61,-2.9184,1,52322044.74,669369285.36,617047240.62,1286416525.98,2,1,203380699.59,292838414.72,89457715.13,44.55497382,34.68292683,96.23312011,57.53053218
522,603529,爱玛科技,2025-02-06,39.02,-5.7716,1,944677.130000025,205360894.83,204416217.7,409777112.53,1,5,-191458272.7,12957945.0,204416217.7,-6.87350835,11.70913255,44.48176017,56.84161391
523,603596,伯特利,2025-02-06,55.31,10.004,1,30786302.92,670537634.16,639751331.24,1310288965.4,1,2,-191620288.32,111255317.0,302875605.32,30.75650118,15.97819249,46.40021175,58.22321708
524,603963,*ST大药,2025-02-06,1.24,-4.6154,1,-715638.0,521690.0,1237328.0,1759018.0,0,0,0.0,0.0,0.0,-43.63636364,-59.87055016,-62.19512195,-80.74534161
525,605277,新亚电子,2025-02-06,15.78,-2.3515,1,-71866827.6,87032545.0,158899372.6,245931917.6,0,0,0.0,0.0,0.0,20.27439024,13.11827957,28.08441558,80.72937767
526,688392,骄成超声,2025-02-06,45.88,20.0105,1,19719026.18,80659928.22,60940902.04,141600830.26,2,0,30219674.12,30219674.12,0.0,19.54142783,13.14426634,37.65376538,8.63456954
527,688545,兴福电子,2025-02-06,26.89,5.2858,1,47147794.66,107093013.68,59945219.02,167038232.7,0,0,0.0,0.0,0.0,130.22260274,130.22260274,130.22260274,130.22260274
528,832876,慧为智能,2025-02-06,27.01,29.9808,1,12169377.32,31221317.53,19051940.21,50273257.74,0,0,0.0,0.0,0.0,50.05555556,4.7305157,186.9675404,134.09203339
529,000759,中百集团,2025-02-05,7.82,-10.0115,1,-37562885.4,109606531.0,147169416.4,256775947.4,1,1,-14933763.0,8464700.0,23398463.0,-39.61389961,90.73170732,158.94039735,104.71204188
530,002195,岩山科技,2025-02-05,4.48,10.0737,1,185822621.09,333307456.27,147484835.18,480792291.45,2,2,70598602.66,95114135.83,24515533.17,21.40921409,52.90102389,84.36213992,89.71692058
531,002582,好想你,2025-02-05,8.39,-9.9785,1,-41238519.24,88061178.96,129299698.2,217360877.16,0,0,0.0,0.0,0.0,-5.30474041,28.09160305,75.57864055,71.142552
532,002862,实丰文化,2025-02-05,35.64,-10.0,1,-72167182.7,64764465.0,136931647.7,201696112.7,0,0,0.0,0.0,0.0,20.81355932,105.41786744,167.16641679,208.57142857
533,002951,*ST金时,2025-02-05,5.9,-4.9919,1,-13515989.62,14785267.0,28301256.62,43086523.62,0,0,0.0,0.0,0.0,-10.06097561,-18.28254848,55.6793803,8.57638831
534,300394,天孚通信,2025-02-05,83.79,-16.875,1,-125848203.56,633697969.55,759546173.11,1393244142.66,3,5,-80223572.64,300319041.2,380542613.84,-3.80022962,-34.96080106,-7.44490204,20.05112151
535,300502,新易盛,2025-02-05,102.51,-18.4941,1,-109921397.8,1007924253.59,1117845651.39,2125769904.98,3,4,12381955.08,361249158.95,348867203.87,-11.62931034,-22.20535782,10.92955308,125.59794771
536,300570,太辰光,2025-02-05,95.75,-19.3752,1,157026696.45,700480826.35,543454129.9,1243934956.25,3,2,182425658.4,287278934.4,104853276.0,24.77195726,37.45334482,212.70411496,224.25932259
537,300608,思特奇,2025-02-05,13.24,7.6423,1,-39404035.58,163387236.93,202791272.51,366178509.44,1,1,-9206754.79,39135877.21,48342632.0,33.6024218,7.90546047,48.26427772,28.78976351
538,300697,电工合金,2025-02-05,13.94,-19.977,1,-39568482.02,39265025.0,78833507.02,118098532.02,4,4,-44139583.12,24103084.0,68242667.12,15.39735099,8.73634945,33.65292426,59.14551053
539,601156,东航物流,2025-02-05,14.75,-10.0061,1,-437594817.2,104877621.25,542472438.45,647350059.7,1,3,-190530332.0,14765000.0,205295332.0,-10.92995169,-14.39349971,-4.14897652,2.62771039
540,601360,三六零,2025-02-05,12.21,10.0,1,263216497.84,1098762284.64,835545786.8,1934308071.44,0,0,0.0,0.0,0.0,29.75557917,30.58823529,60.65789474,82.63170566
541,603306,华懋科技,2025-02-05,34.8,-10.0078,1,35216285.28,223344389.28,188128104.0,411472493.28,0,2,-96973535.0,0.0,96973535.0,16.07738492,17.60729976,89.43930321,105.33859855
542,688039,当虹科技,2025-02-05,32.82,20.0,1,20188660.47,46018470.35,25829809.88,71848280.23,0,0,0.0,0.0,0.0,32.92831106,22.64573991,51.52354571,61.59527326
543,688075,安旭生物,2025-02-05,38.07,0.5016,1,8687500.0,8687500.0,0.0,8687500.0,0,0,0.0,0.0,0.0,8.09199319,0.39049984,15.74220782,21.82863089
544,688369,致远互联,2025-02-05,26.79,13.3249,1,22972616.76,153549795.73,130577178.97,284126974.7,2,2,14719895.16,60939646.66,46219751.5,48.17477876,31.64619165,77.29980146,32.36577993
545,832149,利尔达,2025-02-05,10.98,23.788,1,5563836.01,27484924.1,21921088.09,49406012.19,0,0,0.0,0.0,0.0,23.0941704,-7.73109244,185.9375,154.16666667
546,000668,荣丰控股,2025-01-27,6.11,10.0901,1,15617022.0,30400185.0,14783163.0,45183348.0,2,2,3648683.0,8269004.0,4620321.0,-10.01472754,-24.19354839,3.38409475,-44.5553539
547,001366,播恩集团,2025-01-27,11.43,2.7878,1,-13243427.49,62594849.0,75838276.49,138433125.49,0,0,0.0,0.0,0.0,9.90384615,-0.86730269,9.69289827,-18.08066481
548,001380,华纬科技,2025-01-27,27.59,10.008,1,20837427.98,56476946.0,35639518.02,92116464.02,0,1,-5085609.52,0.0,5085609.52,24.22332283,30.69635244,66.80773881,43.33910647
549,002259,ST升达,2025-01-27,2.56,4.918,1,1128800.04,13852424.04,12723624.0,26576048.04,1,1,27552.0,2767371.0,2739819.0,2.81124498,5.78512397,13.27433628,-21.95121951
550,002747,埃斯顿,2025-01-27,18.15,-10.0149,1,-98424402.0,134316768.0,232741170.0,367057938.0,5,5,-13941692.0,49024614.0,62966306.0,-10.19297378,19.56521739,47.08265802,23.81326042
551,003015,日久光电,2025-01-27,15.48,10.0213,1,103488421.0,165752541.0,62264120.0,228016661.0,3,3,-16920765.0,28043399.0,44964164.0,12.17391304,1.17647059,57.15736041,27.45672053
552,200016,深康佳B,2025-01-27,0.93,-7.0,1,-491233.31,456211.48,947444.79,1403656.27,0,0,0.0,0.0,0.0,-12.26415094,-14.67889908,66.07142857,9.41176471
553,300093,金刚光伏,2025-01-27,11.3,-15.7973,1,4628374.23,43741150.0,39112775.77,82853925.77,4,4,-260155.77,32254823.0,32514978.77,-21.96132597,-50.80539835,-6.84253916,-48.35466179
554,300378,鼎捷数智,2025-01-27,32.92,2.3632,1,124118020.54,455085358.7,330967338.16,786052696.86,3,1,154480104.0,225525364.0,71045260.0,22.33370494,36.14557486,119.02860945,77.00956995
555,300634,彩讯股份,2025-01-27,29.54,15.6617,1,190963548.7,778577952.78,587614404.08,1366192356.86,1,1,27998572.71,116019798.71,88021226.0,28.10060711,41.57323524,85.62613654,74.49553849
556,300654,世纪天鸿,2025-01-27,12.99,7.7114,1,-34024972.01,117293906.04,151318878.05,268612784.09,3,3,12551659.84,100588837.74,88037177.9,19.06507791,24.06876791,65.05717916,30.52391992
557,301288,清研环境,2025-01-27,11.78,-20.0272,1,-4023909.64,11313905.0,15337814.64,26651719.64,4,4,-576244.64,4939165.0,5515409.64,-24.7284345,-29.92266508,8.97317299,-31.45931226
558,301397,溯联股份,2025-01-27,28.82,-15.9767,1,-35055553.37,28900562.62,63956115.99,92856678.61,3,3,-29368277.6,10231006.42,39599284.02,8.18318318,11.40316969,19.6347032,0.95720908
559,301628,强达电路,2025-01-27,97.3,-12.1445,1,67367938.32,116280618.28,48912679.96,165193298.24,3,2,54405319.28,54425728.28,20409.0,13.13953488,245.28034067,245.28034067,245.28034067
560,600190,ST锦港,2025-01-27,1.4,-4.7619,1,-15665411.0,9005568.0,24670979.0,33676547.0,0,0,0.0,0.0,0.0,-11.94968553,-4.76190476,-7.89473684,-48.91043738
561,600300,维维股份,2025-01-27,3.29,10.0334,1,14635894.0,36111369.0,21475475.0,57586844.0,0,0,0.0,0.0,0.0,-1.49700599,19.20289855,40.0,11.50304591
562,600753,庚星股份,2025-01-27,5.12,-10.0176,1,1798144.0,8833024.0,7034880.0,15867904.0,0,0,0.0,0.0,0.0,-20.86553323,-36.71199011,11.30434783,-43.30011074
563,600758,辽宁能源,2025-01-27,3.61,10.061,1,8627696.0,23968548.0,15340852.0,39309400.0,0,0,0.0,0.0,0.0,5.24781341,9.99666039,34.4403627,1.96319643
564,603007,ST花王,2025-01-27,10.19,-3.5038,1,-837620.390000001,36293841.07,37131461.46,73425302.53,0,0,0.0,0.0,0.0,17.26121979,88.83457951,258.71417282,188.72116349
565,603598,引力传媒,2025-01-27,20.78,1.8627,1,-6985643.0,88035511.0,95021154.0,183056665.0,0,0,0.0,0.0,0.0,19.35669156,36.53088042,61.71206226,21.16618076
566,603687,大胜达,2025-01-27,7.1,-10.0127,1,-982640.0,20239970.0,21222610.0,41462580.0,0,0,0.0,0.0,0.0,-4.82573727,1.57367668,6.12855007,-30.78884985
567,605018,长华集团,2025-01-27,12.68,4.7934,1,36605657.83,111706176.87,75100519.04,186806695.91,1,0,48692481.64,48692481.64,0.0,38.4279476,54.44579781,58.69837297,33.85494335
568,605162,新中港,2025-01-27,6.77,-4.6479,1,-2774556.0,6138504.0,8913060.0,15051564.0,0,0,0.0,0.0,0.0,-1.59883721,-2.86944046,0.59435364,-20.05054214
569,688313,仕佳光子,2025-01-27,19.38,-16.681,1,-120771728.01,156781488.97,277553216.98,434334705.95,1,2,-100239848.98,21287168.79,121527017.77,25.84415584,26.0897853,113.20132013,91.50197628
570,688590,新致软件,2025-01-27,18.51,2.5485,1,135638076.89,246190547.6,110552470.71,356743018.31,2,0,161400036.94,161400036.94,0.0,4.51722191,26.30756545,65.40544699,1.57986715
