成交时间,成交价格,价格变动,成交量,成交金额,性质
09:25:02,9.8,0.0,257,251860,卖盘
09:30:05,9.81,0.01,190,185874,买盘
09:30:08,9.81,0.0,4,3924,卖盘
09:30:11,9.81,0.0,67,65727,卖盘
09:30:14,9.8,-0.01,104,101987,卖盘
09:30:17,9.8,0.0,25,24500,卖盘
09:30:20,9.8,0.0,222,217685,卖盘
09:30:23,9.8,0.0,38,37259,卖盘
09:30:26,9.81,0.01,33,32356,买盘
09:30:29,9.81,0.0,228,223652,买盘
09:30:32,9.81,0.0,19,18640,卖盘
09:30:35,9.78,-0.03,147,144000,卖盘
09:30:38,9.78,0.0,10,9786,卖盘
09:30:41,9.75,-0.03,110,107387,卖盘
09:30:44,9.8,0.05,541,527016,买盘
09:30:47,9.79,-0.01,4,3916,中性盘
09:30:50,9.75,-0.04,116,113755,卖盘
09:30:53,9.75,0.0,84,81974,买盘
09:30:56,9.8,0.05,32,31360,中性盘
09:30:59,9.8,0.0,191,187324,卖盘
09:31:02,9.76,-0.04,35,34301,卖盘
09:31:05,9.8,0.04,13,12740,中性盘
09:31:08,9.76,-0.04,31,30262,卖盘
09:31:11,9.76,0.0,70,68291,卖盘
09:31:14,9.75,-0.01,4,3904,卖盘
09:31:23,9.75,0.0,102,99495,卖盘
09:31:29,9.75,0.0,79,77055,卖盘
09:31:32,9.75,0.0,26,25358,卖盘
09:31:35,9.77,0.02,33,32230,买盘
09:31:38,9.8,0.03,580,567519,买盘
09:31:44,9.8,0.0,12,11758,卖盘
09:31:50,9.79,-0.01,3,2939,中性盘
09:31:53,9.8,0.01,1,980,买盘
09:31:56,9.8,0.0,35,34292,中性盘
09:32:02,9.79,-0.01,2,1958,卖盘
09:32:05,9.8,0.01,32,31359,买盘
09:32:08,9.8,0.0,115,112490,买盘
09:32:11,9.79,-0.01,29,28399,卖盘
09:32:14,9.8,0.01,4,3918,买盘
09:32:23,9.78,-0.02,7,6846,卖盘
09:32:26,9.78,0.0,9,8799,买盘
09:32:29,9.78,0.0,3,2934,卖盘
09:32:32,9.78,0.0,21,20538,卖盘
09:32:41,9.79,0.01,51,49888,买盘
09:32:44,9.77,-0.02,169,165130,卖盘
09:32:47,9.78,0.01,403,393745,买盘
09:32:50,9.77,-0.01,2,1955,中性盘
09:32:53,9.76,-0.01,50,48803,卖盘
09:32:59,9.78,0.02,104,101632,买盘
09:33:02,9.78,0.0,31,30288,买盘
09:33:05,9.77,-0.01,122,119312,卖盘
09:33:08,9.78,0.01,50,48900,中性盘
09:33:11,9.79,0.01,9,8810,买盘
09:33:14,9.78,-0.01,7,6846,卖盘
09:33:20,9.78,0.0,16,15648,卖盘
09:33:26,9.78,0.0,103,100716,买盘
09:33:29,9.78,0.0,24,23491,卖盘
09:33:32,9.78,0.0,50,48900,买盘
09:33:38,9.79,0.01,118,115377,买盘
09:33:41,9.77,-0.02,8,7816,卖盘
09:33:47,9.77,0.0,17,16607,卖盘
09:33:50,9.77,0.0,2,1954,买盘
09:33:53,9.77,0.0,3,2931,卖盘
09:33:56,9.76,-0.01,128,124943,卖盘
09:33:59,9.76,0.0,125,122000,买盘
09:34:02,9.76,0.0,19,18544,买盘
09:34:05,9.76,0.0,26,25360,买盘
09:34:08,9.76,0.0,1,976,买盘
09:34:11,9.75,-0.01,147,143325,卖盘
09:34:14,9.75,0.0,16,15600,卖盘
09:34:17,9.75,0.0,37,36075,卖盘
09:34:20,9.75,0.0,20,19500,卖盘
09:34:23,9.75,0.0,79,77025,卖盘
09:34:26,9.76,0.01,63,61431,买盘
09:34:29,9.75,-0.01,1,975,卖盘
09:34:32,9.75,0.0,1,975,卖盘
09:34:35,9.76,0.01,2,1952,买盘
09:34:38,9.75,-0.01,22,21450,卖盘
09:34:41,9.75,0.0,2,1950,买盘
09:34:44,9.75,0.0,1,975,买盘
09:34:47,9.74,-0.01,16,15598,卖盘
09:34:50,9.74,0.0,23,22417,卖盘
09:34:53,9.74,0.0,6,5844,卖盘
09:34:56,9.74,0.0,39,37986,卖盘
09:35:02,9.74,0.0,47,45778,卖盘
09:35:05,9.74,0.0,11,10714,卖盘
09:35:11,9.74,0.0,9,8766,卖盘
09:35:14,9.74,0.0,50,48700,卖盘
09:35:20,9.73,-0.01,96,93461,卖盘
09:35:23,9.73,0.0,70,68148,卖盘
09:35:26,9.74,0.01,47,45738,中性盘
09:35:32,9.74,0.0,3,2922,买盘
09:35:35,9.73,-0.01,4,3892,卖盘
09:35:38,9.74,0.01,99,96338,买盘
09:35:41,9.74,0.0,509,494087,买盘
09:35:44,9.73,-0.01,83,80779,卖盘
09:35:47,9.73,0.0,29,28217,卖盘
09:35:50,9.73,0.0,5,4866,中性盘
09:35:53,9.74,0.01,7,6818,买盘
09:35:56,9.72,-0.02,161,156594,卖盘
09:35:59,9.72,0.0,339,329508,买盘
09:36:02,9.74,0.02,8,7792,买盘
09:36:05,9.75,0.01,232,226070,买盘
09:36:08,9.79,0.04,1001,976640,买盘
09:36:11,9.79,0.0,62,60672,买盘
09:36:17,9.78,-0.01,10,9780,卖盘
09:36:20,9.78,0.0,166,162488,卖盘
09:36:23,9.8,0.02,72,70504,买盘
09:36:26,9.79,-0.01,1,979,卖盘
09:36:29,9.8,0.01,35,34293,买盘
09:36:32,9.8,0.0,25,24500,卖盘
09:36:35,9.79,-0.01,18,17625,卖盘
09:36:38,9.8,0.01,41,40197,买盘
09:36:41,9.8,0.0,31,30380,中性盘
09:36:44,9.8,0.0,6,5882,卖盘
09:36:50,9.78,-0.02,30,29368,卖盘
09:36:59,9.79,0.01,21,20559,卖盘
09:37:05,9.79,0.0,2,1958,买盘
09:37:08,9.79,0.0,38,37165,买盘
09:37:11,9.79,0.0,23,22517,买盘
09:37:14,9.79,0.0,3,2937,买盘
09:37:29,9.78,-0.01,1,978,卖盘
09:37:35,9.76,-0.02,50,48849,卖盘
09:37:38,9.77,0.01,14,13674,买盘
09:37:41,9.78,0.01,7,6843,买盘
09:37:47,9.78,0.0,1,978,买盘
09:38:05,9.77,-0.01,42,41034,卖盘
09:38:08,9.76,-0.01,15,14640,卖盘
09:38:11,9.76,0.0,10,9760,卖盘
09:38:14,9.77,0.01,10,9767,买盘
09:38:20,9.75,-0.02,19,18535,卖盘
09:38:23,9.75,0.0,80,77995,卖盘
09:38:26,9.74,-0.01,147,142975,中性盘
09:38:29,9.74,0.0,19,18506,买盘
09:38:32,9.74,0.0,2,1948,卖盘
09:38:35,9.74,0.0,2,1948,卖盘
09:38:38,9.75,0.01,103,100422,中性盘
09:38:41,9.71,-0.04,182,176799,卖盘
09:38:44,9.72,0.01,120,116569,买盘
09:38:53,9.72,0.0,3,2916,卖盘
09:38:56,9.72,0.0,4,3888,卖盘
09:39:08,9.73,0.01,65,63184,中性盘
09:39:11,9.73,0.0,9,8752,买盘
09:39:14,9.73,0.0,6,5838,买盘
09:39:20,9.72,-0.01,3,2916,卖盘
09:39:26,9.72,0.0,43,41811,卖盘
09:39:29,9.73,0.01,11,10696,中性盘
09:39:32,9.72,-0.01,3,2916,卖盘
09:39:35,9.72,0.0,11,10682,中性盘
09:39:38,9.72,0.0,1,972,卖盘
09:39:41,9.72,0.0,1,972,卖盘
09:39:47,9.71,-0.01,116,112636,卖盘
09:39:50,9.71,0.0,8,7768,买盘
09:39:53,9.72,0.01,9,8744,买盘
09:39:56,9.71,-0.01,10,9710,卖盘
09:39:59,9.71,0.0,4,3884,卖盘
09:40:02,9.71,0.0,39,37869,中性盘
09:40:05,9.72,0.01,3,2916,买盘
09:40:08,9.72,0.0,11,10690,买盘
09:40:11,9.72,0.0,24,23328,买盘
09:40:17,9.71,-0.01,2,1942,卖盘
09:40:20,9.71,0.0,27,26217,买盘
09:40:23,9.7,-0.01,64,62091,卖盘
09:40:35,9.7,0.0,5,4850,卖盘
09:40:41,9.7,0.0,3,2910,卖盘
09:40:44,9.71,0.01,12,11647,买盘
09:40:47,9.7,-0.01,30,29110,卖盘
09:40:53,9.7,0.0,14,13580,卖盘
09:40:56,9.7,0.0,40,38800,卖盘
09:40:59,9.7,0.0,94,91267,卖盘
09:41:08,9.7,0.0,56,54320,卖盘
09:41:11,9.71,0.01,19,18449,卖盘
09:41:14,9.72,0.01,102,99144,买盘
09:41:23,9.73,0.01,8,7784,买盘
09:41:26,9.73,0.0,26,25288,买盘
09:41:29,9.72,-0.01,38,36936,卖盘
09:41:32,9.72,0.0,1,972,买盘
09:41:35,9.72,0.0,5,4860,买盘
09:41:38,9.71,-0.01,11,10682,卖盘
09:41:50,9.71,0.0,21,20401,卖盘
09:41:53,9.71,0.0,58,56339,卖盘
09:41:56,9.71,0.0,136,132057,卖盘
09:41:59,9.71,0.0,125,121375,买盘
09:42:02,9.71,0.0,90,87390,买盘
09:42:05,9.71,0.0,2,1942,卖盘
09:42:08,9.71,0.0,8,7768,卖盘
09:42:11,9.72,0.01,17,16524,买盘
09:42:14,9.72,0.0,72,69977,买盘
09:42:20,9.73,0.01,28,27244,买盘
09:42:23,9.73,0.0,9,8757,买盘
09:42:29,9.73,0.0,5,4865,买盘
09:42:38,9.73,0.0,4,3892,买盘
09:42:41,9.73,0.0,4,3892,买盘
09:42:47,9.73,0.0,29,28217,买盘
09:42:53,9.73,0.0,4,3892,卖盘
09:42:56,9.74,0.01,10,9740,买盘
09:43:02,9.73,-0.01,15,14595,卖盘
09:43:05,9.73,0.0,25,24310,买盘
09:43:08,9.73,0.0,16,15562,买盘
09:43:14,9.74,0.01,10,9733,买盘
09:43:23,9.74,0.0,2,1948,买盘
09:43:26,9.72,-0.02,35,34020,卖盘
09:43:59,9.71,-0.01,10,9710,卖盘
09:44:02,9.72,0.01,50,48600,买盘
09:44:05,9.72,0.0,115,111780,买盘
09:44:08,9.73,0.01,1,973,买盘
09:44:11,9.73,0.0,26,25308,买盘
09:44:14,9.72,-0.01,24,23332,卖盘
09:44:20,9.73,0.01,74,71993,买盘
09:44:35,9.72,-0.01,2,1944,卖盘
09:44:38,9.72,0.0,98,95256,卖盘
09:44:41,9.72,0.0,3,2916,买盘
09:44:44,9.72,0.0,62,60264,买盘
09:44:47,9.72,0.0,11,10692,买盘
09:44:50,9.71,-0.01,11,10687,卖盘
09:45:14,9.73,0.02,5,4865,买盘
09:45:20,9.73,0.0,24,23352,买盘
09:45:23,9.73,0.0,1,973,买盘
09:45:26,9.72,-0.01,231,224638,卖盘
09:45:32,9.74,0.02,1,974,买盘
09:45:41,9.74,0.0,52,50648,买盘
09:45:47,9.74,0.0,6,5843,中性盘
09:45:50,9.74,0.0,3,2922,买盘
09:46:02,9.74,0.0,5,4867,买盘
09:46:05,9.73,-0.01,10,9730,中性盘
09:46:08,9.73,0.0,12,11678,中性盘
09:46:11,9.72,-0.01,102,99144,卖盘
09:46:14,9.71,-0.01,1,971,卖盘
09:46:17,9.72,0.01,1,972,买盘
09:46:20,9.72,0.0,1,972,卖盘
09:46:23,9.73,0.01,17,16530,买盘
09:46:26,9.72,-0.01,5,4860,卖盘
09:46:29,9.73,0.01,4,3892,买盘
09:46:35,9.73,0.0,2,1946,买盘
09:46:41,9.73,0.0,27,26259,买盘
09:47:05,9.73,0.0,108,105033,卖盘
09:47:08,9.72,-0.01,151,147039,卖盘
09:47:11,9.72,0.0,3,2916,卖盘
09:47:14,9.72,0.0,4,3888,卖盘
09:47:23,9.73,0.01,3,2919,买盘
09:47:29,9.73,0.0,24,23352,卖盘
09:47:32,9.73,0.0,1,973,买盘
09:47:38,9.72,-0.01,50,48600,卖盘
09:47:44,9.73,0.01,2,1945,买盘
09:47:56,9.72,-0.01,1,972,卖盘
09:47:59,9.72,0.0,89,86508,卖盘
09:48:02,9.72,0.0,17,16524,卖盘
09:48:11,9.72,0.0,1,972,卖盘
09:48:14,9.72,0.0,1,972,卖盘
09:48:17,9.72,0.0,63,61236,卖盘
09:48:20,9.72,0.0,9,8748,卖盘
09:48:23,9.73,0.01,8,7784,买盘
09:48:26,9.73,0.0,91,88543,买盘
09:48:29,9.72,-0.01,9,8748,卖盘
09:48:38,9.72,0.0,3,2916,卖盘
09:48:41,9.72,0.0,51,49572,卖盘
09:48:44,9.72,0.0,57,55404,卖盘
09:48:47,9.71,-0.01,21,20391,卖盘
09:48:50,9.71,0.0,28,27211,卖盘
09:48:53,9.7,-0.01,1313,1274389,卖盘
09:48:56,9.7,0.0,176,170720,卖盘
09:48:59,9.7,0.0,274,265780,卖盘
09:49:02,9.7,0.0,4,3880,卖盘
09:49:05,9.7,0.0,121,117370,卖盘
09:49:11,9.7,0.0,21,20370,卖盘
09:49:14,9.7,0.0,30,29100,卖盘
09:49:17,9.71,0.01,2,1942,买盘
09:49:23,9.71,0.0,22,21357,买盘
09:49:26,9.71,0.0,4,3884,买盘
09:49:29,9.71,0.0,1,971,买盘
09:49:32,9.7,-0.01,8,7760,卖盘
09:49:35,9.7,0.0,32,31040,卖盘
09:49:41,9.7,0.0,11,10670,卖盘
09:49:44,9.7,0.0,41,39770,卖盘
09:49:50,9.7,0.0,1,970,卖盘
09:49:56,9.71,0.01,5,4855,买盘
09:49:59,9.7,-0.01,2,1940,卖盘
09:50:02,9.7,0.0,39,37830,卖盘
09:50:05,9.69,-0.01,763,740103,卖盘
09:50:08,9.69,0.0,79,76548,卖盘
09:50:11,9.68,-0.01,49,47432,卖盘
09:50:14,9.7,0.02,12,11630,买盘
09:50:17,9.68,-0.02,4,3872,卖盘
09:50:20,9.69,0.01,15,14535,买盘
09:50:23,9.68,-0.01,327,316536,卖盘
09:50:26,9.67,-0.01,5,4838,卖盘
09:50:32,9.67,0.0,15,14505,卖盘
09:50:35,9.67,0.0,48,46416,卖盘
09:50:38,9.68,0.01,9,8711,买盘
09:50:41,9.67,-0.01,179,173105,卖盘
09:50:44,9.67,0.0,445,430351,买盘
09:50:47,9.67,0.0,11,10637,卖盘
09:51:02,9.67,0.0,20,19340,卖盘
09:51:05,9.7,0.03,283,273952,买盘
09:51:08,9.7,0.0,5,4850,买盘
09:51:14,9.69,-0.01,45,43647,卖盘
09:51:17,9.7,0.01,43,41710,买盘
09:51:20,9.69,-0.01,26,25218,卖盘
09:51:23,9.71,0.02,1,971,买盘
09:51:26,9.7,-0.01,14,13580,卖盘
09:51:35,9.7,0.0,3,2910,买盘
09:51:41,9.7,0.0,10,9700,买盘
09:51:50,9.7,0.0,27,26190,买盘
09:51:53,9.69,-0.01,49,47484,卖盘
09:52:05,9.69,0.0,15,14535,买盘
09:52:08,9.7,0.01,49,47530,买盘
09:52:11,9.71,0.01,58,56201,中性盘
09:52:20,9.71,0.0,50,48550,买盘
09:52:29,9.72,0.01,27,26244,买盘
09:52:41,9.71,-0.01,11,10681,卖盘
09:52:44,9.71,0.0,9,8739,买盘
09:52:47,9.72,0.01,5,4860,买盘
09:53:02,9.71,-0.01,1,971,卖盘
09:53:05,9.72,0.01,32,31081,买盘
09:53:08,9.72,0.0,16,15552,买盘
09:53:11,9.73,0.01,25,24325,买盘
09:53:35,9.74,0.01,2,1948,买盘
09:54:05,9.74,0.0,24,23361,买盘
09:54:08,9.74,0.0,32,31164,买盘
09:54:11,9.74,0.0,13,12662,买盘
09:54:23,9.74,0.0,1,974,买盘
09:54:26,9.74,0.0,4,3896,买盘
09:54:41,9.73,-0.01,3,2919,买盘
09:54:47,9.78,0.05,400,390485,买盘
09:54:50,9.77,-0.01,3,2931,中性盘
09:54:53,9.77,0.0,4,3908,买盘
09:55:02,9.78,0.01,10,9780,买盘
09:55:05,9.78,0.0,34,33251,买盘
09:55:08,9.78,0.0,7,6846,买盘
09:55:11,9.77,-0.01,5,4887,卖盘
09:55:23,9.75,-0.02,3,2925,卖盘
09:55:32,9.75,0.0,1,975,卖盘
09:55:41,9.76,0.01,8,7808,买盘
09:55:47,9.76,0.0,2,1952,买盘
09:55:53,9.76,0.0,15,14640,卖盘
09:56:08,9.75,-0.01,27,26339,卖盘
09:56:11,9.76,0.01,17,16592,买盘
09:56:14,9.76,0.0,9,8784,买盘
09:56:23,9.76,0.0,5,4880,买盘
09:56:26,9.76,0.0,26,25373,买盘
09:56:32,9.76,0.0,1,976,卖盘
09:56:35,9.77,0.01,30,29310,买盘
09:56:47,9.77,0.0,5,4885,买盘
09:56:56,9.76,-0.01,137,133712,卖盘
09:56:59,9.75,-0.01,2,1950,卖盘
09:57:08,9.76,0.01,80,78080,买盘
09:57:17,9.77,0.01,37,36119,买盘
09:57:20,9.76,-0.01,117,114192,卖盘
09:57:23,9.77,0.01,4,3908,买盘
09:57:26,9.77,0.0,1,977,买盘
09:57:29,9.76,-0.01,7,6832,卖盘
09:57:47,9.76,0.0,3,2928,卖盘
09:57:50,9.77,0.01,2,1954,买盘
09:57:59,9.77,0.0,76,74204,买盘
09:58:08,9.78,0.01,300,293060,买盘
09:58:11,9.78,0.0,62,60636,买盘
09:58:20,9.77,-0.01,5,4885,卖盘
09:58:26,9.77,0.0,5,4885,卖盘
09:58:29,9.77,0.0,6,5862,买盘
09:58:38,9.77,0.0,50,48850,买盘
09:58:44,9.77,0.0,23,22471,卖盘
09:58:47,9.77,0.0,10,9770,买盘
09:59:05,9.77,0.0,182,177814,买盘
09:59:08,9.77,0.0,30,29310,买盘
09:59:11,9.78,0.01,78,76226,买盘
09:59:14,9.77,-0.01,8,7816,卖盘
09:59:17,9.77,0.0,7,6839,卖盘
09:59:20,9.77,0.0,2,1954,卖盘
09:59:23,9.76,-0.01,2,1952,卖盘
09:59:29,9.76,0.0,69,67344,卖盘
09:59:32,9.76,0.0,35,34160,买盘
09:59:35,9.76,0.0,3,2928,买盘
09:59:38,9.77,0.01,4,3906,买盘
09:59:44,9.76,-0.01,21,20502,卖盘
09:59:50,9.76,0.0,2,1952,买盘
09:59:53,9.75,-0.01,94,91674,卖盘
09:59:56,9.76,0.01,2,1952,卖盘
10:00:08,9.76,0.0,40,39041,卖盘
10:00:11,9.75,-0.01,3,2925,卖盘
10:00:14,9.75,0.0,112,109300,卖盘
10:00:17,9.75,0.0,96,93600,卖盘
10:00:20,9.75,0.0,12,11700,买盘
10:00:23,9.75,0.0,3,2925,卖盘
10:00:26,9.75,0.0,9,8775,买盘
10:00:29,9.75,0.0,12,11700,买盘
10:00:32,9.75,0.0,20,19500,买盘
10:00:41,9.75,0.0,100,97500,卖盘
10:00:44,9.75,0.0,1,975,卖盘
10:00:50,9.77,0.02,20,19540,买盘
10:00:56,9.76,-0.01,1,976,卖盘
10:01:05,9.77,0.01,25,24425,买盘
10:01:14,9.77,0.0,4,3908,买盘
10:01:17,9.77,0.0,43,42011,买盘
10:01:20,9.77,0.0,1,977,买盘
10:01:23,9.76,-0.01,5,4884,卖盘
10:01:29,9.76,0.0,2,1952,卖盘
10:01:35,9.76,0.0,2,1952,卖盘
10:01:47,9.76,0.0,27,26352,卖盘
10:02:11,9.76,0.0,2,1952,卖盘
10:02:14,9.76,0.0,101,98576,卖盘
10:02:23,9.76,0.0,4,3904,买盘
10:02:29,9.76,0.0,20,19520,买盘
10:02:38,9.75,-0.01,56,54600,卖盘
10:02:41,9.75,0.0,3,2925,买盘
10:02:59,9.75,0.0,6,5850,买盘
10:03:08,9.74,-0.01,12,11688,卖盘
10:03:11,9.75,0.01,6,5849,买盘
10:03:20,9.74,-0.01,1,974,卖盘
10:03:32,9.74,0.0,4,3896,卖盘
10:03:41,9.75,0.01,14,13640,买盘
10:03:56,9.74,-0.01,69,67206,卖盘
10:04:05,9.74,0.0,6,5844,卖盘
10:04:32,9.75,0.01,57,55575,买盘
10:04:35,9.74,-0.01,38,37037,卖盘
10:04:47,9.75,0.01,11,10715,买盘
10:04:50,9.75,0.0,6,5850,买盘
10:04:59,9.75,0.0,2,1950,买盘
10:05:08,9.75,0.0,5,4875,卖盘
10:05:23,9.75,0.0,10,9750,卖盘
10:05:26,9.75,0.0,3,2925,卖盘
10:05:32,9.74,-0.01,1,974,卖盘
10:05:38,9.75,0.01,30,29250,买盘
10:05:59,9.76,0.01,21,20494,买盘
10:06:02,9.76,0.0,19,18541,买盘
10:06:05,9.75,-0.01,6,5850,卖盘
10:06:17,9.76,0.01,23,22433,买盘
10:06:23,9.76,0.0,43,41968,买盘
10:06:26,9.76,0.0,2,1952,买盘
10:06:35,9.76,0.0,1,976,买盘
10:07:08,9.76,0.0,4,3904,买盘
10:07:11,9.75,-0.01,29,28275,卖盘
10:07:14,9.76,0.01,20,19520,买盘
10:07:20,9.76,0.0,1,976,买盘
10:08:02,9.74,-0.02,143,139289,卖盘
10:08:05,9.74,0.0,28,27272,卖盘
10:08:08,9.74,0.0,1,974,中性盘
10:08:20,9.74,0.0,18,17532,卖盘
10:08:38,9.74,0.0,1,974,买盘
10:08:50,9.73,-0.01,5,4865,卖盘
10:08:53,9.73,0.0,6,5842,卖盘
10:08:59,9.74,0.01,7,6818,中性盘
10:09:02,9.74,0.0,1,974,卖盘
10:09:11,9.74,0.0,2,1948,卖盘
10:09:17,9.74,0.0,60,58440,卖盘
10:09:32,9.74,0.0,9,8766,买盘
10:09:44,9.74,0.0,3,2922,买盘
10:09:50,9.74,0.0,12,11688,买盘
10:09:53,9.75,0.01,9,8775,买盘
10:09:56,9.74,-0.01,14,13636,卖盘
10:10:11,9.74,0.0,5,4870,买盘
10:10:14,9.75,0.01,4,3900,买盘
10:10:29,9.74,-0.01,20,19480,卖盘
10:10:35,9.74,0.0,10,9740,卖盘
10:10:38,9.75,0.01,365,355875,买盘
10:10:41,9.75,0.0,34,33150,买盘
10:10:53,9.76,0.01,6,5856,买盘
10:10:56,9.75,-0.01,5,4875,中性盘
10:11:08,9.76,0.01,2,1952,买盘
10:11:14,9.76,0.0,201,196176,买盘
10:11:17,9.76,0.0,77,75152,卖盘
10:11:26,9.76,0.0,25,24400,卖盘
10:11:29,9.76,0.0,1,976,卖盘
10:11:35,9.77,0.01,2,1954,买盘
10:11:47,9.77,0.0,2,1954,买盘
10:11:56,9.76,-0.01,78,76200,卖盘
10:11:59,9.76,0.0,3,2928,卖盘
10:12:17,9.76,0.0,1,976,卖盘
10:12:20,9.76,0.0,1,976,卖盘
10:12:23,9.76,0.0,49,47824,卖盘
10:12:26,9.76,0.0,59,57584,卖盘
10:12:29,9.76,0.0,8,7808,中性盘
10:12:32,9.76,0.0,41,40055,卖盘
10:12:41,9.77,0.01,338,330232,买盘
10:12:44,9.77,0.0,26,25402,卖盘
10:12:59,9.76,-0.01,170,165981,卖盘
10:13:02,9.76,0.0,1,976,卖盘
10:13:05,9.77,0.01,1,977,中性盘
10:13:08,9.77,0.0,30,29310,卖盘
10:13:20,9.77,0.0,10,9770,买盘
10:13:23,9.76,-0.01,77,75186,卖盘
10:13:26,9.77,0.01,11,10746,买盘
10:13:29,9.77,0.0,54,52667,买盘
10:13:32,9.76,-0.01,5,4884,中性盘
10:13:53,9.76,0.0,12,11712,卖盘
10:13:59,9.76,0.0,33,32208,买盘
10:14:02,9.76,0.0,5,4880,买盘
10:14:20,9.76,0.0,58,56608,卖盘
10:14:29,9.78,0.02,300,293166,买盘
10:14:44,9.77,-0.01,36,35172,买盘
10:14:47,9.78,0.01,1,978,买盘
10:14:53,9.77,-0.01,2,1954,卖盘
10:14:59,9.77,0.0,32,31264,卖盘
10:15:05,9.77,0.0,71,69367,买盘
10:15:08,9.77,0.0,1,977,买盘
10:15:17,9.76,-0.01,2,1952,卖盘
10:15:20,9.76,0.0,48,46848,买盘
10:15:29,9.76,0.0,10,9760,买盘
10:15:32,9.76,0.0,1,976,买盘
10:15:41,9.76,0.0,2,1952,买盘
10:15:44,9.76,0.0,2,1952,买盘
10:16:02,9.75,-0.01,24,23400,卖盘
10:16:05,9.75,0.0,10,9750,卖盘
10:16:29,9.75,0.0,48,46800,买盘
10:16:32,9.75,0.0,2,1950,卖盘
10:16:53,9.76,0.01,1,976,买盘
10:17:02,9.75,-0.01,88,85800,卖盘
10:17:05,9.75,0.0,28,27300,买盘
10:17:08,9.75,0.0,25,24375,卖盘
10:17:11,9.75,0.0,1,975,卖盘
10:17:14,9.75,0.0,34,33155,卖盘
10:17:20,9.75,0.0,3,2925,中性盘
10:17:23,9.75,0.0,33,32175,卖盘
10:17:26,9.75,0.0,1,975,买盘
10:17:35,9.75,0.0,1,975,买盘
10:17:50,9.74,-0.01,364,354536,卖盘
10:17:53,9.74,0.0,3,2922,卖盘
10:18:02,9.74,0.0,29,28266,卖盘
10:18:14,9.75,0.01,22,21450,买盘
10:18:35,9.74,-0.01,21,20454,卖盘
10:18:38,9.74,0.0,10,9740,卖盘
10:18:41,9.74,0.0,34,33116,卖盘
10:19:08,9.73,-0.01,8,7784,卖盘
10:19:14,9.74,0.01,20,19480,买盘
10:19:26,9.74,0.0,1,974,买盘
10:19:29,9.74,0.0,63,61367,买盘
10:19:32,9.74,0.0,42,40908,卖盘
10:19:35,9.74,0.0,1,974,卖盘
10:19:50,9.74,0.0,8,7792,买盘
10:19:56,9.74,0.0,7,6818,卖盘
10:20:11,9.75,0.01,16,15600,买盘
10:20:14,9.75,0.0,27,26309,买盘
10:20:20,9.75,0.0,46,44840,买盘
10:20:26,9.75,0.0,169,164775,买盘
10:20:29,9.76,0.01,104,101504,买盘
10:20:32,9.76,0.0,4,3904,买盘
10:20:35,9.76,0.0,2,1952,买盘
10:20:38,9.75,-0.01,150,146250,卖盘
10:20:41,9.75,0.0,30,29250,卖盘
10:20:44,9.75,0.0,1,975,卖盘
10:20:47,9.75,0.0,2,1950,卖盘
10:20:50,9.75,0.0,47,45825,卖盘
10:20:53,9.75,0.0,115,112125,买盘
10:21:05,9.75,0.0,175,170625,卖盘
10:21:11,9.76,0.01,1,976,买盘
10:21:20,9.75,-0.01,150,146250,卖盘
10:21:23,9.75,0.0,22,21450,卖盘
10:21:29,9.75,0.0,12,11700,买盘
10:21:32,9.75,0.0,2,1950,买盘
10:21:38,9.75,0.0,7,6825,买盘
10:21:41,9.75,0.0,1,975,买盘
10:21:44,9.74,-0.01,74,72082,卖盘
10:21:47,9.74,0.0,1,974,卖盘
10:21:56,9.74,0.0,74,72076,卖盘
10:22:44,9.74,0.0,7,6818,卖盘
10:22:47,9.74,0.0,93,90582,卖盘
10:23:02,9.73,-0.01,167,162498,卖盘
10:23:05,9.73,0.0,6,5838,卖盘
10:23:08,9.73,0.0,1,973,卖盘
10:23:35,9.73,0.0,17,16541,卖盘
10:23:41,9.74,0.01,3,2922,买盘
10:23:50,9.74,0.0,35,34090,买盘
10:23:53,9.75,0.01,388,377920,买盘
10:24:08,9.75,0.0,63,61425,买盘
10:24:11,9.74,-0.01,218,212448,卖盘
10:24:23,9.74,0.0,20,19480,卖盘
10:24:26,9.76,0.02,31,30254,买盘
10:24:47,9.74,-0.02,26,25324,卖盘
10:25:02,9.75,0.01,20,19500,买盘
10:25:05,9.74,-0.01,31,30197,卖盘
10:25:56,9.75,0.01,2,1950,买盘
10:26:08,9.75,0.0,17,16575,买盘
10:26:11,9.75,0.0,90,87750,买盘
10:26:14,9.75,0.0,1,975,买盘
10:26:35,9.75,0.0,10,9750,买盘
10:26:44,9.75,0.0,380,370500,买盘
10:27:02,9.74,-0.01,103,100322,卖盘
10:27:29,9.73,-0.01,3,2919,卖盘
10:27:50,9.73,0.0,111,108003,卖盘
10:27:53,9.73,0.0,43,41839,买盘
10:28:11,9.74,0.01,57,55465,买盘
10:28:17,9.73,-0.01,18,17514,卖盘
10:28:26,9.74,0.01,2,1947,买盘
10:28:59,9.74,0.0,7,6818,买盘
10:29:05,9.74,0.0,5,4870,买盘
10:29:08,9.74,0.0,24,23376,买盘
10:29:29,9.73,-0.01,34,33087,卖盘
10:29:35,9.73,0.0,1,973,卖盘
10:30:14,9.73,0.0,5,4865,卖盘
10:30:17,9.73,0.0,6,5838,卖盘
10:30:32,9.73,0.0,10,9730,卖盘
10:30:38,9.73,0.0,10,9730,卖盘
10:30:41,9.74,0.01,2,1948,买盘
10:30:44,9.74,0.0,1,974,买盘
10:30:56,9.73,-0.01,4,3892,卖盘
10:31:23,9.73,0.0,1,973,卖盘
10:31:26,9.73,0.0,13,12649,卖盘
10:31:35,9.73,0.0,2,1946,卖盘
10:31:47,9.73,0.0,51,49623,卖盘
10:31:50,9.73,0.0,6,5838,买盘
10:31:53,9.73,0.0,3,2919,卖盘
10:31:56,9.73,0.0,1,973,卖盘
10:32:02,9.73,0.0,10,9730,卖盘
10:32:11,9.73,0.0,17,16541,卖盘
10:32:14,9.74,0.01,4,3893,买盘
10:32:17,9.73,-0.01,1,973,卖盘
10:32:20,9.72,-0.01,16,15565,卖盘
10:32:53,9.72,0.0,25,24300,卖盘
10:32:59,9.72,0.0,17,16524,卖盘
10:33:11,9.73,0.01,1,973,买盘
10:33:17,9.72,-0.01,535,520020,卖盘
10:33:20,9.71,-0.01,6,5826,卖盘
10:33:29,9.71,0.0,4,3884,卖盘
10:33:32,9.72,0.01,46,44712,买盘
10:33:47,9.71,-0.01,30,29130,卖盘
10:33:53,9.71,0.0,20,19420,卖盘
10:33:56,9.71,0.0,1,971,卖盘
10:34:02,9.71,0.0,3,2913,卖盘
10:34:05,9.72,0.01,2,1944,买盘
10:34:17,9.71,-0.01,2,1942,卖盘
10:34:35,9.71,0.0,1,971,卖盘
10:34:38,9.71,0.0,1,971,卖盘
10:34:44,9.72,0.01,2,1944,买盘
10:34:50,9.72,0.0,9,8744,买盘
10:34:56,9.72,0.0,4,3888,买盘
10:35:02,9.71,-0.01,52,50492,卖盘
10:35:08,9.71,0.0,6,5826,卖盘
10:35:14,9.71,0.0,30,29134,卖盘
10:35:20,9.72,0.01,1,972,买盘
10:35:23,9.72,0.0,10,9720,买盘
10:35:32,9.71,-0.01,28,27188,卖盘
10:35:53,9.71,0.0,12,11652,卖盘
10:35:56,9.71,0.0,5,4855,卖盘
10:36:02,9.71,0.0,4,3884,卖盘
10:36:05,9.71,0.0,20,19420,卖盘
10:36:08,9.71,0.0,1,971,卖盘
10:36:14,9.71,0.0,24,23318,卖盘
10:36:23,9.72,0.01,9,8743,买盘
10:36:26,9.72,0.0,9,8748,买盘
10:36:47,9.72,0.0,10,9720,买盘
10:36:53,9.71,-0.01,3,2913,卖盘
10:37:05,9.71,0.0,6,5826,卖盘
10:37:20,9.72,0.01,63,61236,买盘
10:37:23,9.72,0.0,45,43740,买盘
10:37:26,9.72,0.0,6,5832,买盘
10:37:29,9.71,-0.01,60,58260,卖盘
10:37:32,9.72,0.01,34,33048,买盘
10:37:44,9.72,0.0,30,29160,卖盘
10:37:50,9.74,0.02,147,143043,买盘
10:38:02,9.74,0.0,169,164484,买盘
10:38:17,9.73,-0.01,14,13622,卖盘
10:38:59,9.74,0.01,3,2922,买盘
10:39:02,9.73,-0.01,17,16541,卖盘
10:39:05,9.73,0.0,2,1946,卖盘
10:39:41,9.73,0.0,13,12649,卖盘
10:39:56,9.73,0.0,30,29190,卖盘
10:40:05,9.73,0.0,4,3892,卖盘
10:40:17,9.73,0.0,18,17514,卖盘
10:40:26,9.73,0.0,1,973,卖盘
10:41:14,9.73,0.0,19,18487,卖盘
10:41:35,9.73,0.0,1,973,卖盘
10:41:47,9.73,0.0,1,973,卖盘
10:41:50,9.73,0.0,20,19460,卖盘
10:42:05,9.73,0.0,13,12649,卖盘
10:42:11,9.73,0.0,8,7784,买盘
10:42:20,9.73,0.0,2,1946,买盘
10:42:23,9.73,0.0,1,973,买盘
10:42:35,9.73,0.0,10,9730,买盘
10:42:41,9.73,0.0,5,4865,买盘
10:42:44,9.73,0.0,1,973,买盘
10:42:47,9.72,-0.01,1,972,卖盘
10:42:56,9.72,0.0,30,29160,卖盘
10:42:59,9.72,0.0,29,28188,卖盘
10:43:08,9.72,0.0,5,4860,卖盘
10:43:29,9.73,0.01,52,50596,买盘
10:43:53,9.73,0.0,20,19460,买盘
10:44:05,9.73,0.0,33,32109,买盘
10:44:11,9.73,0.0,40,38920,买盘
10:44:17,9.73,0.0,156,151788,买盘
10:44:20,9.73,0.0,2,1946,卖盘
10:44:23,9.73,0.0,207,201518,卖盘
10:44:26,9.73,0.0,1,973,卖盘
10:45:38,9.73,0.0,20,19460,卖盘
10:45:41,9.73,0.0,10,9730,卖盘
10:46:23,9.73,0.0,24,23352,卖盘
10:46:29,9.74,0.01,102,99348,买盘
10:46:50,9.74,0.0,7,6818,卖盘
10:46:53,9.74,0.0,3,2922,买盘
10:46:59,9.74,0.0,10,9740,买盘
10:47:02,9.74,0.0,21,20454,买盘
10:47:14,9.74,0.0,30,29220,卖盘
10:47:23,9.75,0.01,13,12672,买盘
10:47:29,9.74,-0.01,190,185060,卖盘
10:47:32,9.74,0.0,3,2922,买盘
10:47:41,9.74,0.0,8,7792,买盘
10:47:47,9.74,0.0,1,974,卖盘
10:47:53,9.74,0.0,1,974,卖盘
10:48:11,9.74,0.0,9,8766,卖盘
10:48:14,9.74,0.0,1,974,卖盘
10:48:17,9.74,0.0,1,974,卖盘
10:48:26,9.74,0.0,4,3896,卖盘
10:49:05,9.74,0.0,1,974,卖盘
10:49:14,9.74,0.0,11,10714,卖盘
10:49:17,9.74,0.0,1,974,卖盘
10:49:20,9.74,0.0,1,974,卖盘
10:49:38,9.74,0.0,1,974,卖盘
10:49:56,9.74,0.0,20,19480,卖盘
10:50:20,9.75,0.01,180,175500,买盘
10:50:23,9.75,0.0,143,139425,买盘
10:50:26,9.75,0.0,327,318825,买盘
10:51:02,9.75,0.0,4,3900,卖盘
10:51:05,9.76,0.01,105,102480,买盘
10:51:23,9.76,0.0,150,146400,买盘
10:51:26,9.77,0.01,42,41034,买盘
10:51:35,9.77,0.0,3,2931,买盘
10:51:41,9.77,0.0,4,3908,买盘
10:52:08,9.77,0.0,114,111378,买盘
10:52:17,9.77,0.0,13,12701,卖盘
10:52:26,9.77,0.0,35,34195,卖盘
10:52:29,9.77,0.0,9,8793,卖盘
10:52:32,9.77,0.0,1,977,卖盘
10:52:35,9.77,0.0,1,977,卖盘
10:52:41,9.77,0.0,20,19540,卖盘
10:52:44,9.77,0.0,1,977,卖盘
10:52:50,9.77,0.0,34,33218,卖盘
10:52:53,9.78,0.01,20,19544,买盘
10:52:59,9.76,-0.02,15,14640,卖盘
10:53:08,9.77,0.01,39,38103,买盘
10:53:11,9.77,0.0,1,977,卖盘
10:53:20,9.77,0.0,78,76226,卖盘
10:53:23,9.77,0.0,12,11724,卖盘
10:53:44,9.78,0.01,137,133986,买盘
10:54:02,9.77,-0.01,11,10747,卖盘
10:54:14,9.77,0.0,20,19540,卖盘
10:54:17,9.77,0.0,11,10747,买盘
10:54:20,9.77,0.0,9,8793,买盘
10:54:26,9.77,0.0,49,47873,卖盘
10:54:29,9.78,0.01,45,44009,买盘
10:54:32,9.77,-0.01,5,4885,卖盘
10:54:35,9.77,0.0,11,10747,卖盘
10:55:02,9.78,0.01,45,44010,买盘
10:55:05,9.78,0.0,20,19560,买盘
10:55:08,9.78,0.0,3,2934,买盘
10:55:11,9.78,0.0,5,4890,买盘
10:55:17,9.78,0.0,11,10758,买盘
10:55:50,9.77,-0.01,2,1954,卖盘
10:55:53,9.78,0.01,1,978,买盘
10:56:02,9.77,-0.01,3,2931,卖盘
10:56:05,9.78,0.01,523,511494,买盘
10:56:08,9.79,0.01,114,111548,买盘
10:56:11,9.79,0.0,80,78320,买盘
10:56:17,9.79,0.0,20,19580,卖盘
10:56:20,9.8,0.01,30,29400,买盘
10:56:32,9.8,0.0,11,10780,买盘
10:56:35,9.8,0.0,23,22540,买盘
10:56:38,9.8,0.0,589,577220,买盘
10:56:41,9.8,0.0,43,42140,买盘
10:56:44,9.8,0.0,1,980,卖盘
10:56:47,9.8,0.0,20,19610,卖盘
10:56:50,9.8,0.0,3,2940,买盘
10:56:53,9.8,0.0,5,4900,卖盘
10:56:59,9.8,0.0,3,2940,买盘
10:57:11,9.8,0.0,50,49000,买盘
10:57:20,9.79,-0.01,41,40139,卖盘
10:57:23,9.79,0.0,1,979,卖盘
10:57:26,9.79,0.0,1,979,买盘
10:57:50,9.79,0.0,26,25454,买盘
10:58:05,9.79,0.0,206,201674,卖盘
10:58:08,9.78,-0.01,11,10758,卖盘
10:58:11,9.78,0.0,3,2934,中性盘
10:58:14,9.78,0.0,8,7824,买盘
10:58:23,9.78,0.0,3,2934,买盘
10:58:26,9.77,-0.01,3,2931,卖盘
10:58:32,9.77,0.0,41,40057,卖盘
10:58:44,9.77,0.0,23,22471,卖盘
10:58:47,9.77,0.0,1,977,卖盘
10:59:11,9.78,0.01,44,43032,买盘
10:59:14,9.77,-0.01,30,29310,卖盘
10:59:23,9.78,0.01,12,11736,买盘
10:59:32,9.77,-0.01,2,1954,卖盘
10:59:35,9.78,0.01,42,41075,买盘
10:59:41,9.78,0.0,25,24450,卖盘
10:59:44,9.79,0.01,51,49927,买盘
10:59:59,9.8,0.01,5,4900,买盘
11:00:05,9.8,0.0,2,1960,买盘
11:00:08,9.8,0.0,40,39200,买盘
11:00:11,9.78,-0.02,35,34230,卖盘
11:00:14,9.78,0.0,38,37164,买盘
11:00:35,9.77,-0.01,31,30290,卖盘
11:00:47,9.77,0.0,5,4885,卖盘
11:01:08,9.77,0.0,154,150328,买盘
11:01:11,9.77,0.0,21,20517,卖盘
11:01:14,9.77,0.0,2,1954,卖盘
11:01:23,9.77,0.0,9,8793,买盘
11:01:38,9.77,0.0,33,32241,买盘
11:01:41,9.77,0.0,3,2931,买盘
11:01:47,9.76,-0.01,154,150304,卖盘
11:01:50,9.76,0.0,1,976,卖盘
11:01:56,9.76,0.0,2,1952,卖盘
11:02:14,9.76,0.0,9,8784,卖盘
11:02:56,9.76,0.0,77,75152,卖盘
11:02:59,9.76,0.0,32,31232,卖盘
11:03:02,9.76,0.0,1,976,卖盘
11:03:05,9.76,0.0,15,14640,卖盘
11:03:11,9.76,0.0,20,19520,卖盘
11:03:17,9.77,0.01,2,1954,买盘
11:03:53,9.76,-0.01,2,1952,卖盘
11:04:05,9.76,0.0,2,1952,卖盘
11:04:50,9.77,0.01,1,977,买盘
11:04:56,9.75,-0.02,71,69274,卖盘
11:04:59,9.77,0.02,17,16609,买盘
11:05:02,9.75,-0.02,100,97504,卖盘
11:05:08,9.76,0.01,10,9760,买盘
11:05:23,9.76,0.0,1,976,买盘
11:05:29,9.76,0.0,3,2928,买盘
11:05:38,9.76,0.0,77,75152,买盘
11:05:41,9.75,-0.01,24,23404,卖盘
11:05:59,9.76,0.01,40,39040,买盘
11:06:02,9.75,-0.01,31,30225,卖盘
11:06:11,9.76,0.01,4,3904,买盘
11:06:14,9.76,0.0,67,65326,买盘
11:06:17,9.75,-0.01,45,43875,卖盘
11:06:20,9.75,0.0,1,975,卖盘
11:06:35,9.75,0.0,8,7800,卖盘
11:07:59,9.75,0.0,10,9750,卖盘
11:08:02,9.75,0.0,3,2925,卖盘
11:08:14,9.75,0.0,6,5850,卖盘
11:08:23,9.76,0.01,10,9760,买盘
11:09:17,9.76,0.0,4,3904,买盘
11:09:29,9.75,-0.01,1,975,卖盘
11:09:44,9.75,0.0,15,14625,卖盘
11:09:56,9.75,0.0,1,975,卖盘
11:10:59,9.75,0.0,20,19500,卖盘
11:11:35,9.76,0.01,71,69296,买盘
11:11:38,9.76,0.0,6,5856,卖盘
11:11:41,9.76,0.0,3,2928,卖盘
11:11:47,9.76,0.0,24,23424,卖盘
11:11:50,9.76,0.0,14,13664,买盘
11:11:53,9.76,0.0,1,976,买盘
11:12:05,9.76,0.0,10,9760,买盘
11:12:32,9.76,0.0,23,22448,买盘
11:12:38,9.76,0.0,16,15616,买盘
11:13:05,9.75,-0.01,2,1950,卖盘
11:13:11,9.75,0.0,1,975,卖盘
11:13:17,9.75,0.0,1,975,卖盘
11:13:26,9.75,0.0,248,241800,卖盘
11:13:32,9.74,-0.01,3,2922,卖盘
11:13:35,9.75,0.01,1,975,买盘
11:14:11,9.74,-0.01,33,32142,卖盘
11:14:14,9.75,0.01,1,975,买盘
11:14:23,9.75,0.0,10,9750,买盘
11:15:02,9.74,-0.01,214,208436,卖盘
11:15:14,9.73,-0.01,20,19460,卖盘
11:15:17,9.73,0.0,15,14595,卖盘
11:15:35,9.73,0.0,50,48650,卖盘
11:15:38,9.73,0.0,1,973,卖盘
11:15:41,9.73,0.0,26,25316,卖盘
11:16:05,9.74,0.01,10,9740,买盘
11:16:17,9.74,0.0,9,8765,买盘
11:16:38,9.73,-0.01,21,20433,卖盘
11:17:08,9.73,0.0,10,9730,卖盘
11:17:11,9.73,0.0,4,3892,卖盘
11:17:20,9.74,0.01,1,974,买盘
11:17:53,9.74,0.0,1,974,买盘
11:19:02,9.74,0.0,18,17532,买盘
11:19:11,9.74,0.0,48,46752,买盘
11:19:14,9.75,0.01,1,975,买盘
11:19:17,9.75,0.0,1,975,买盘
11:19:41,9.75,0.0,24,23400,买盘
11:19:44,9.75,0.0,13,12675,买盘
11:19:47,9.75,0.0,310,302250,买盘
11:20:08,9.75,0.0,39,38025,卖盘
11:20:11,9.75,0.0,1,975,卖盘
11:20:14,9.75,0.0,2,1950,卖盘
11:20:29,9.75,0.0,2,1950,卖盘
11:20:32,9.75,0.0,1,975,卖盘
11:20:47,9.75,0.0,57,55575,卖盘
11:21:08,9.75,0.0,11,10725,买盘
11:21:38,9.75,0.0,10,9750,买盘
11:21:53,9.74,-0.01,20,19480,卖盘
11:23:56,9.74,0.0,325,316550,卖盘
11:23:59,9.74,0.0,4,3897,卖盘
11:24:11,9.75,0.01,11,10722,买盘
11:24:26,9.75,0.0,618,601948,买盘
11:24:29,9.74,-0.01,4,3896,卖盘
11:24:44,9.74,0.0,3,2922,卖盘
11:24:53,9.74,0.0,10,9740,卖盘
11:25:14,9.74,0.0,11,10714,卖盘
11:25:26,9.74,0.0,39,37986,卖盘
11:25:47,9.75,0.01,1,975,买盘
11:25:53,9.75,0.0,47,45825,买盘
11:25:59,9.75,0.0,1,975,卖盘
11:26:02,9.75,0.0,1,975,卖盘
11:26:05,9.75,0.0,1,975,卖盘
11:26:17,9.75,0.0,18,17550,卖盘
11:26:20,9.74,-0.01,217,211523,卖盘
11:26:23,9.74,0.0,1,974,卖盘
11:26:41,9.75,0.01,55,53625,买盘
11:26:44,9.75,0.0,3,2925,卖盘
11:26:53,9.75,0.0,26,25350,卖盘
11:27:02,9.75,0.0,5,4875,卖盘
11:27:08,9.76,0.01,75,73200,买盘
11:27:11,9.77,0.01,1,977,买盘
11:27:14,9.77,0.0,3,2931,买盘
11:27:29,9.78,0.01,181,176881,买盘
11:27:32,9.79,0.01,74,72445,买盘
11:27:35,9.79,0.0,1,979,卖盘
11:27:41,9.8,0.01,4,3920,买盘
11:27:47,9.81,0.01,407,399010,买盘
11:27:50,9.83,0.02,161,158192,买盘
11:27:56,9.83,0.0,2,1966,卖盘
11:27:59,9.83,0.0,11,10814,中性盘
11:28:02,9.8,-0.03,42,41202,卖盘
11:28:05,9.82,0.02,1,982,买盘
11:28:08,9.82,0.0,19,18658,买盘
11:28:17,9.81,-0.01,1,981,卖盘
11:28:20,9.81,0.0,10,9810,买盘
11:28:23,9.81,0.0,94,92301,买盘
11:28:29,9.82,0.01,63,61863,买盘
11:28:35,9.82,0.0,31,30442,卖盘
11:28:41,9.82,0.0,57,55974,卖盘
11:28:47,9.82,0.0,14,13748,买盘
11:28:50,9.82,0.0,8,7856,买盘
11:28:53,9.81,-0.01,3,2943,卖盘
11:29:11,9.81,0.0,19,18639,卖盘
11:29:14,9.81,0.0,30,29430,卖盘
11:29:20,9.81,0.0,1,981,卖盘
11:29:26,9.82,0.01,6,5892,买盘
11:29:32,9.82,0.0,100,98200,买盘
11:29:35,9.83,0.01,10,9826,买盘
11:29:38,9.84,0.01,389,382565,买盘
11:29:44,9.85,0.01,15,14770,买盘
11:29:50,9.84,-0.01,41,40356,卖盘
11:29:53,9.83,-0.01,30,29518,卖盘
11:29:59,9.85,0.02,150,147748,买盘
11:30:02,9.86,0.01,39,38454,买盘
13:00:02,9.88,0.02,126,124425,买盘
13:00:05,9.87,-0.01,573,565535,中性盘
13:00:08,9.88,0.01,825,814880,买盘
13:00:11,9.89,0.01,316,312389,买盘
13:00:14,9.89,0.0,98,96941,买盘
13:00:17,9.92,0.03,316,313088,买盘
13:00:20,9.93,0.01,298,295657,买盘
13:00:23,9.94,0.01,411,409204,买盘
13:00:26,9.93,-0.01,113,112253,卖盘
13:00:29,9.93,0.0,37,36743,中性盘
13:00:32,9.96,0.03,107,106428,买盘
13:00:35,9.9,-0.06,12,11899,卖盘
13:00:38,9.96,0.06,50,49746,买盘
13:00:41,9.93,-0.03,20,19860,中性盘
13:00:44,9.93,0.0,146,144978,卖盘
13:00:50,9.9,-0.03,81,80218,卖盘
13:00:53,9.93,0.03,343,340555,买盘
13:00:56,9.93,0.0,93,92338,买盘
13:00:59,9.91,-0.02,66,65362,中性盘
13:01:02,9.91,0.0,1,991,买盘
13:01:08,9.92,0.01,56,55528,买盘
13:01:11,9.94,0.02,43,42711,买盘
13:01:14,10.02,0.08,1858,1855089,买盘
13:01:17,10.0,-0.02,71,71062,中性盘
13:01:20,10.01,0.01,3,3003,买盘
13:01:23,10.0,-0.01,54,54073,卖盘
13:01:26,10.02,0.02,262,262388,中性盘
13:01:29,10.0,-0.02,31,31004,中性盘
13:01:32,10.0,0.0,76,76050,中性盘
13:01:35,10.01,0.01,208,207998,买盘
13:01:38,10.0,-0.01,19,18994,买盘
13:01:41,10.0,0.0,10,9999,买盘
13:01:44,10.0,0.0,54,54000,买盘
13:01:47,9.99,-0.01,22,21998,中性盘
13:01:53,9.99,0.0,42,41972,买盘
13:01:56,10.0,0.01,27,26999,买盘
13:01:59,9.95,-0.05,293,291556,卖盘
13:02:02,9.99,0.04,105,104921,买盘
13:02:05,9.98,-0.01,19,18962,买盘
13:02:08,9.98,0.0,15,14970,买盘
13:02:11,9.95,-0.03,66,65796,卖盘
13:02:14,9.97,0.02,48,47858,买盘
13:02:20,9.98,0.01,41,40885,买盘
13:02:23,9.97,-0.01,20,19940,中性盘
13:02:26,9.98,0.01,100,99778,买盘
13:02:32,9.95,-0.03,41,40801,卖盘
13:02:35,9.95,0.0,4,3980,买盘
13:02:38,9.95,0.0,13,12935,买盘
13:02:44,9.95,0.0,111,110450,卖盘
13:02:47,9.95,0.0,35,34835,买盘
13:02:50,9.95,0.0,13,12935,卖盘
13:02:53,9.96,0.01,68,67716,买盘
13:03:02,9.96,0.0,33,32878,卖盘
13:03:05,9.96,0.0,27,26907,卖盘
13:03:08,9.96,0.0,7,6972,中性盘
13:03:11,9.97,0.01,18,17946,买盘
13:03:20,9.96,-0.01,22,21912,中性盘
13:03:23,9.95,-0.01,6,5970,卖盘
13:03:26,9.94,-0.01,137,136325,卖盘
13:03:29,9.96,0.02,563,561282,买盘
13:03:35,9.97,0.01,30,29901,买盘
13:03:47,9.96,-0.01,105,104677,卖盘
13:03:50,9.96,0.0,35,34860,卖盘
13:03:56,9.97,0.01,9,8967,买盘
13:04:02,9.96,-0.01,58,57727,中性盘
13:04:05,9.96,0.0,1,996,买盘
13:04:08,9.96,0.0,29,28903,卖盘
13:04:17,9.97,0.01,12,11964,买盘
13:04:20,9.96,-0.01,27,26892,卖盘
13:04:26,9.96,0.0,29,28884,卖盘
13:04:29,9.96,0.0,10,9960,买盘
13:04:32,9.97,0.01,199,198316,买盘
13:04:35,9.99,0.02,236,235657,买盘
13:04:44,9.97,-0.02,54,53891,卖盘
13:04:47,9.99,0.02,21,20979,买盘
13:04:53,9.98,-0.01,18,17974,卖盘
13:04:56,9.98,0.0,5,4990,买盘
13:04:59,9.97,-0.01,6,5982,卖盘
13:05:02,9.97,0.0,34,33898,卖盘
13:05:05,9.97,0.0,19,18943,买盘
13:05:11,9.98,0.01,286,284931,买盘
13:05:14,9.95,-0.03,1,995,卖盘
13:05:17,9.97,0.02,18,17946,买盘
13:05:23,9.97,0.0,42,41874,买盘
13:05:38,9.96,-0.01,8,7968,买盘
13:05:41,9.95,-0.01,51,50746,卖盘
13:05:44,9.96,0.01,13,12947,买盘
13:05:53,9.96,0.0,38,37847,买盘
13:05:59,9.93,-0.03,431,428398,卖盘
13:06:02,9.94,0.01,14,13911,买盘
13:06:05,9.91,-0.03,3,2975,卖盘
13:06:11,9.92,0.01,5,4960,中性盘
13:06:14,9.92,0.0,2,1984,买盘
13:06:23,9.92,0.0,52,51534,买盘
13:06:26,9.93,0.01,28,27804,买盘
13:06:35,9.93,0.0,2,1986,卖盘
13:06:38,9.93,0.0,10,9930,卖盘
13:06:44,9.93,0.0,65,64545,卖盘
13:06:50,9.93,0.0,10,9930,买盘
13:06:53,9.92,-0.01,1,992,卖盘
13:07:02,9.92,0.0,29,28792,卖盘
13:07:05,9.93,0.01,20,19860,买盘
13:07:08,9.93,0.0,17,16881,买盘
13:07:14,9.94,0.01,30,29820,买盘
13:07:17,9.93,-0.01,5,4965,卖盘
13:07:20,9.93,0.0,20,19870,卖盘
13:07:35,9.94,0.01,11,10934,买盘
13:07:38,9.93,-0.01,36,35748,卖盘
13:07:41,9.93,0.0,1,993,卖盘
13:07:44,9.93,0.0,33,32769,卖盘
13:07:47,9.93,0.0,5,4965,买盘
13:07:53,9.93,0.0,50,49650,买盘
13:07:56,9.93,0.0,17,16881,买盘
13:08:02,9.93,0.0,3,2979,卖盘
13:08:05,9.96,0.03,400,398249,买盘
13:08:20,9.95,-0.01,2,1990,买盘
13:08:23,9.95,0.0,81,80595,买盘
13:08:26,9.95,0.0,1,995,卖盘
13:08:29,9.95,0.0,22,21890,卖盘
13:08:35,9.94,-0.01,10,9940,卖盘
13:08:44,9.93,-0.01,40,39720,卖盘
13:08:50,9.93,0.0,24,23832,卖盘
13:08:53,9.93,0.0,25,24825,卖盘
13:08:56,9.94,0.01,52,51682,买盘
13:08:59,9.94,0.0,27,26838,卖盘
13:09:05,9.94,0.0,129,128226,卖盘
13:09:23,9.93,-0.01,2,1986,卖盘
13:09:26,9.93,0.0,14,13902,卖盘
13:09:29,9.94,0.01,54,53640,买盘
13:09:32,9.93,-0.01,34,33762,卖盘
13:09:38,9.94,0.01,17,16898,买盘
13:09:41,9.94,0.0,4,3976,中性盘
13:09:47,9.94,0.0,30,29820,买盘
13:09:59,9.94,0.0,26,25844,买盘
13:10:02,9.94,0.0,1,994,卖盘
13:10:05,9.94,0.0,3,2982,卖盘
13:10:11,9.95,0.01,12,11940,买盘
13:10:20,9.95,0.0,13,12935,买盘
13:10:23,9.94,-0.01,10,9940,卖盘
13:10:26,9.94,0.0,35,34793,卖盘
13:10:29,9.94,0.0,37,36798,卖盘
13:10:32,9.94,0.0,24,23857,卖盘
13:10:38,9.94,0.0,2,1988,买盘
13:11:02,9.95,0.01,48,47746,买盘
13:11:14,9.93,-0.02,87,86420,卖盘
13:11:17,9.93,0.0,4,3972,卖盘
13:11:20,9.93,0.0,3,2979,卖盘
13:11:26,9.93,0.0,31,30783,卖盘
13:11:29,9.93,0.0,6,5958,卖盘
13:11:32,9.93,0.0,2,1986,卖盘
13:11:35,9.93,0.0,7,6951,卖盘
13:11:38,9.93,0.0,30,29790,卖盘
13:11:41,9.92,-0.01,53,52607,卖盘
13:11:44,9.91,-0.01,758,751934,卖盘
13:11:47,9.91,0.0,22,21802,卖盘
13:11:50,9.91,0.0,4,3964,中性盘
13:11:53,9.92,0.01,13,12890,买盘
13:12:05,9.92,0.0,1,992,卖盘
13:12:08,9.92,0.0,10,9920,卖盘
13:12:17,9.91,-0.01,1,991,卖盘
13:12:20,9.91,0.0,8,7928,卖盘
13:12:26,9.9,-0.01,13,12870,卖盘
13:12:35,9.91,0.01,26,25755,买盘
13:12:38,9.9,-0.01,10,9905,卖盘
13:13:23,9.9,0.0,2,1980,卖盘
13:13:26,9.91,0.01,2,1982,买盘
13:13:29,9.91,0.0,34,33694,买盘
13:13:32,9.91,0.0,2,1982,买盘
13:13:35,9.91,0.0,6,5946,卖盘
13:13:38,9.91,0.0,5,4955,卖盘
13:13:56,9.91,0.0,17,16847,卖盘
13:13:59,9.91,0.0,20,19820,买盘
13:14:02,9.91,0.0,14,13874,买盘
13:14:11,9.91,0.0,12,11892,卖盘
13:14:14,9.9,-0.01,62,61380,卖盘
13:14:17,9.9,0.0,67,66374,卖盘
13:14:20,9.89,-0.01,140,138719,卖盘
13:14:29,9.89,0.0,55,54395,卖盘
13:14:32,9.89,0.0,10,9890,买盘
13:14:35,9.89,0.0,16,15824,买盘
13:14:38,9.88,-0.01,18,17787,卖盘
13:14:41,9.89,0.01,2,1978,买盘
13:14:53,9.88,-0.01,10,9880,卖盘
13:15:08,9.88,0.0,10,9880,卖盘
13:15:14,9.89,0.01,26,25714,买盘
13:15:17,9.89,0.0,32,31648,买盘
13:15:20,9.89,0.0,6,5934,买盘
13:15:35,9.89,0.0,8,7912,卖盘
13:15:38,9.89,0.0,1,989,卖盘
13:15:41,9.89,0.0,6,5934,卖盘
13:15:47,9.89,0.0,7,6923,买盘
13:15:53,9.89,0.0,3,2967,买盘
13:15:56,9.88,-0.01,7,6916,卖盘
13:15:59,9.89,0.01,35,34615,买盘
13:16:05,9.91,0.02,4,3963,买盘
13:16:17,9.89,-0.02,130,128528,卖盘
13:16:20,9.88,-0.01,1,988,卖盘
13:16:23,9.89,0.01,32,31648,买盘
13:16:26,9.89,0.0,16,15824,卖盘
13:16:35,9.89,0.0,1,989,买盘
13:16:59,9.89,0.0,2,1978,卖盘
13:17:02,9.89,0.0,1,989,卖盘
13:17:05,9.9,0.01,12,11880,买盘
13:17:41,9.9,0.0,20,19800,买盘
13:17:44,9.9,0.0,59,58409,买盘
13:17:56,9.89,-0.01,99,97911,卖盘
13:17:59,9.89,0.0,1,989,卖盘
13:18:02,9.89,0.0,3,2967,卖盘
13:18:14,9.88,-0.01,164,162108,卖盘
13:18:17,9.89,0.01,2,1978,买盘
13:18:20,9.88,-0.01,1,988,卖盘
13:18:23,9.88,0.0,5,4940,卖盘
13:18:53,9.89,0.01,3,2967,买盘
13:18:56,9.88,-0.01,1,988,卖盘
13:19:23,9.89,0.01,11,10879,买盘
13:19:26,9.88,-0.01,5,4940,卖盘
13:19:35,9.89,0.01,1,989,买盘
13:19:38,9.89,0.0,4,3956,买盘
13:19:44,9.89,0.0,53,52417,买盘
13:19:56,9.89,0.0,10,9890,买盘
13:20:08,9.89,0.0,10,9890,卖盘
13:20:11,9.9,0.01,4,3960,买盘
13:20:20,9.9,0.0,107,105930,买盘
13:20:29,9.9,0.0,1,990,卖盘
13:20:32,9.9,0.0,3,2970,卖盘
13:20:41,9.9,0.0,1,990,买盘
13:20:44,9.9,0.0,5,4950,卖盘
13:20:53,9.91,0.01,15,14860,买盘
13:21:02,9.91,0.0,30,29730,买盘
13:21:08,9.91,0.0,13,12883,买盘
13:21:11,9.91,0.0,26,25766,买盘
13:21:17,9.91,0.0,6,5946,卖盘
13:21:32,9.91,0.0,1,991,卖盘
13:21:35,9.9,-0.01,158,156506,卖盘
13:21:38,9.91,0.01,10,9902,买盘
13:21:41,9.9,-0.01,1,990,买盘
13:21:56,9.91,0.01,10,9910,买盘
13:22:05,9.91,0.0,11,10901,买盘
13:22:17,9.9,-0.01,33,32670,卖盘
13:22:20,9.9,0.0,13,12870,买盘
13:22:50,9.91,0.01,50,49550,买盘
13:22:53,9.9,-0.01,71,70290,卖盘
13:22:56,9.9,0.0,1,990,卖盘
13:23:14,9.91,0.01,24,23784,买盘
13:23:29,9.91,0.0,20,19820,买盘
13:23:32,9.9,-0.01,12,11880,卖盘
13:23:38,9.91,0.01,16,15842,买盘
13:23:41,9.91,0.0,11,10900,买盘
13:23:44,9.91,0.0,9,8918,买盘
13:24:02,9.9,-0.01,13,12870,卖盘
13:24:05,9.9,0.0,93,92070,卖盘
13:24:14,9.9,0.0,34,33660,买盘
13:24:32,9.89,-0.01,20,19798,卖盘
13:24:35,9.9,0.01,3,2970,中性盘
13:24:38,9.9,0.0,1,990,卖盘
13:24:47,9.9,0.0,6,5940,卖盘
13:25:08,9.9,0.0,11,10890,卖盘
13:25:11,9.91,0.01,10,9910,买盘
13:25:20,9.91,0.0,1,991,买盘
13:25:35,9.9,-0.01,13,12870,卖盘
13:25:38,9.9,0.0,2,1980,卖盘
13:25:53,9.91,0.01,5,4955,买盘
13:26:02,9.9,-0.01,3,2970,卖盘
13:26:14,9.91,0.01,5,4955,买盘
13:26:29,9.91,0.0,12,11892,买盘
13:26:35,9.91,0.0,10,9910,买盘
13:26:41,9.91,0.0,18,17838,买盘
13:26:56,9.91,0.0,10,9910,买盘
13:27:08,9.9,-0.01,6,5940,卖盘
13:27:14,9.9,0.0,4,3960,卖盘
13:27:17,9.9,0.0,204,201960,卖盘
13:27:41,9.89,-0.01,36,35608,卖盘
13:27:44,9.89,0.0,7,6923,卖盘
13:27:47,9.89,0.0,3,2969,卖盘
13:27:50,9.89,0.0,56,55384,卖盘
13:27:53,9.88,-0.01,334,330085,卖盘
13:27:56,9.88,0.0,8,7904,卖盘
13:27:59,9.89,0.01,10,9890,买盘
13:28:02,9.88,-0.01,1,988,卖盘
13:28:17,9.89,0.01,10,9890,买盘
13:28:26,9.89,0.0,5,4945,买盘
13:28:32,9.89,0.0,4,3956,买盘
13:28:41,9.89,0.0,5,4945,买盘
13:28:47,9.89,0.0,3,2967,买盘
13:28:56,9.89,0.0,4,3956,买盘
13:29:08,9.89,0.0,14,13846,买盘
13:29:11,9.89,0.0,14,13846,买盘
13:29:14,9.89,0.0,10,9890,买盘
13:29:35,9.89,0.0,35,34615,买盘
13:29:38,9.88,-0.01,3,2964,卖盘
13:29:41,9.89,0.01,5,4945,买盘
13:29:44,9.89,0.0,1,989,买盘
13:29:47,9.89,0.0,11,10879,买盘
13:29:56,9.89,0.0,6,5934,买盘
13:30:08,9.88,-0.01,1,988,卖盘
13:30:14,9.89,0.01,5,4945,买盘
13:30:26,9.89,0.0,1,989,卖盘
13:30:41,9.89,0.0,2,1978,卖盘
13:30:50,9.9,0.01,5,4950,买盘
13:30:59,9.9,0.0,5,4950,买盘
13:31:02,9.89,-0.01,31,30659,卖盘
13:31:17,9.9,0.01,4,3960,买盘
13:31:20,9.9,0.0,10,9900,买盘
13:31:26,9.89,-0.01,47,46483,卖盘
13:31:29,9.88,-0.01,39,38568,卖盘
13:31:35,9.89,0.01,15,14835,买盘
13:31:38,9.89,0.0,5,4945,卖盘
13:31:53,9.89,0.0,15,14835,买盘
13:31:56,9.88,-0.01,14,13832,卖盘
13:31:59,9.88,0.0,82,81016,卖盘
13:32:02,9.88,0.0,76,75088,卖盘
13:32:05,9.88,0.0,72,71136,卖盘
13:32:08,9.88,0.0,67,66196,卖盘
13:32:11,9.88,0.0,8,7904,买盘
13:32:14,9.87,-0.01,3,2961,卖盘
13:32:23,9.88,0.01,5,4940,买盘
13:32:29,9.87,-0.01,20,19740,卖盘
13:32:35,9.88,0.01,5,4940,买盘
13:32:41,9.87,-0.01,5,4935,卖盘
13:32:47,9.87,0.0,3,2961,卖盘
13:32:50,9.87,0.0,1,987,卖盘
13:33:11,9.87,0.0,8,7896,卖盘
13:33:29,9.88,0.01,8,7904,买盘
13:33:41,9.88,0.0,10,9880,买盘
13:33:44,9.88,0.0,18,17784,买盘
13:33:47,9.88,0.0,7,6916,买盘
13:34:26,9.88,0.0,16,15818,卖盘
13:34:29,9.88,0.0,49,48412,卖盘
13:34:32,9.87,-0.01,1,987,卖盘
13:34:35,9.88,0.01,1,988,买盘
13:34:59,9.88,0.0,16,15808,买盘
13:35:20,9.88,0.0,3,2964,买盘
13:35:26,9.87,-0.01,4,3948,卖盘
13:35:29,9.88,0.01,39,38532,买盘
13:36:02,9.88,0.0,1,988,卖盘
13:36:50,9.88,0.0,1,988,卖盘
13:37:02,9.88,0.0,2,1976,卖盘
13:37:08,9.88,0.0,61,60237,卖盘
13:37:14,9.87,-0.01,1,987,卖盘
13:37:26,9.87,0.0,6,5922,卖盘
13:37:35,9.87,0.0,200,197400,卖盘
13:37:38,9.87,0.0,82,80934,卖盘
13:37:41,9.87,0.0,36,35532,卖盘
13:37:44,9.86,-0.01,4,3945,卖盘
13:37:50,9.87,0.01,20,19740,买盘
13:37:53,9.87,0.0,24,23688,买盘
13:38:02,9.86,-0.01,22,21692,卖盘
13:38:08,9.86,0.0,100,98600,卖盘
13:38:11,9.86,0.0,51,50286,卖盘
13:38:14,9.86,0.0,9,8873,买盘
13:38:17,9.86,0.0,8,7888,买盘
13:38:32,9.86,0.0,10,9860,买盘
13:38:38,9.86,0.0,10,9860,买盘
13:38:44,9.86,0.0,19,18733,买盘
13:38:50,9.86,0.0,5,4930,买盘
13:38:56,9.85,-0.01,25,24349,卖盘
13:39:02,9.85,0.0,10,9850,卖盘
13:39:11,9.85,0.0,94,92601,卖盘
13:39:14,9.85,0.0,1,985,卖盘
13:39:35,9.86,0.01,1,986,买盘
13:39:41,9.85,-0.01,126,124396,卖盘
13:39:47,9.85,0.0,1,985,买盘
13:39:50,9.85,0.0,4,3940,买盘
13:39:59,9.85,0.0,7,6895,买盘
13:40:02,9.85,0.0,1,699,买盘
13:40:38,9.85,0.0,3,2955,卖盘
13:40:53,9.85,0.0,12,12106,卖盘
13:41:05,9.84,-0.01,13,12792,卖盘
13:41:14,9.85,0.01,4,3940,买盘
13:41:23,9.85,0.0,17,16745,买盘
13:41:26,9.85,0.0,7,6895,买盘
13:41:29,9.85,0.0,2,1970,买盘
13:41:32,9.85,0.0,5,4639,买盘
13:41:35,9.85,0.0,12,11820,卖盘
13:41:38,9.85,0.0,55,54175,买盘
13:41:41,9.85,0.0,1,985,卖盘
13:41:44,9.85,0.0,29,28565,卖盘
13:41:53,9.85,0.0,5,4925,买盘
13:42:05,9.85,0.0,8,7880,买盘
13:42:11,9.85,0.0,11,10835,买盘
13:42:29,9.85,0.0,42,41370,卖盘
13:42:38,9.85,0.0,26,25610,卖盘
13:42:41,9.85,0.0,21,20685,卖盘
13:42:44,9.85,0.0,1,985,卖盘
13:42:53,9.84,-0.01,817,802205,卖盘
13:42:56,9.82,-0.02,4,3928,卖盘
13:42:59,9.82,0.0,7,6874,卖盘
13:43:05,9.85,0.03,2,1970,买盘
13:43:14,9.83,-0.02,2,1966,卖盘
13:43:20,9.84,0.01,1,984,买盘
13:43:23,9.84,0.0,3,2952,卖盘
13:43:29,9.85,0.01,1,985,中性盘
13:44:02,9.86,0.01,19,18710,买盘
13:44:26,9.86,0.0,3,2958,买盘
13:45:02,9.86,0.0,90,88656,买盘
13:45:05,9.85,-0.01,5,4925,卖盘
13:45:17,9.84,-0.01,15,14760,卖盘
13:45:26,9.86,0.02,1,986,买盘
13:45:35,9.86,0.0,15,14790,买盘
13:46:02,9.85,-0.01,7,6895,卖盘
13:46:14,9.86,0.01,13,12818,买盘
13:46:20,9.85,-0.01,2,1970,卖盘
13:46:29,9.85,0.0,1,985,买盘
13:46:35,9.85,0.0,10,9850,买盘
13:46:44,9.85,0.0,3,2955,买盘
13:46:56,9.84,-0.01,20,19680,卖盘
13:47:41,9.84,0.0,48,47232,卖盘
13:47:44,9.84,0.0,1,984,买盘
13:47:47,9.84,0.0,1,984,买盘
13:48:05,9.85,0.01,67,65995,买盘
13:48:20,9.84,-0.01,43,42312,卖盘
13:48:23,9.84,0.0,87,85608,买盘
13:48:26,9.84,0.0,18,17712,买盘
13:48:35,9.84,0.0,7,6888,买盘
13:48:47,9.84,0.0,26,25584,买盘
13:48:56,9.84,0.0,3,2952,买盘
13:49:08,9.84,0.0,4,3936,买盘
13:49:14,9.83,-0.01,11,10822,卖盘
13:49:20,9.84,0.01,2,1968,买盘
13:49:23,9.83,-0.01,15,14745,卖盘
13:49:53,9.83,0.0,26,25558,卖盘
13:49:56,9.83,0.0,117,115011,卖盘
13:50:20,9.82,-0.01,4,3928,卖盘
13:50:23,9.83,0.01,10,9830,买盘
13:51:02,9.82,-0.01,178,174796,卖盘
13:51:05,9.81,-0.01,1,981,卖盘
13:51:11,9.82,0.01,42,41244,买盘
13:51:14,9.81,-0.01,2,1963,卖盘
13:51:35,9.82,0.01,4,3928,买盘
13:51:38,9.82,0.0,3,2946,买盘
13:51:56,9.82,0.0,72,70704,买盘
13:51:59,9.82,0.0,3,2946,卖盘
13:52:02,9.82,0.0,51,50082,卖盘
13:52:05,9.82,0.0,1,982,卖盘
13:52:08,9.82,0.0,63,61866,卖盘
13:52:14,9.82,0.0,30,29460,卖盘
13:52:23,9.82,0.0,10,9820,买盘
13:52:35,9.82,0.0,2,1964,卖盘
13:52:53,9.82,0.0,10,9820,卖盘
13:53:02,9.82,0.0,50,49100,卖盘
13:53:08,9.83,0.01,10,9830,买盘
13:53:11,9.83,0.0,10,9830,买盘
13:53:20,9.82,-0.01,7,6874,卖盘
13:53:29,9.82,0.0,2,1964,买盘
13:53:35,9.82,0.0,4,3928,买盘
13:53:38,9.82,0.0,5,4910,买盘
13:53:53,9.81,-0.01,2,1962,卖盘
13:54:05,9.81,0.0,5,4905,卖盘
13:54:08,9.81,0.0,13,12753,卖盘
13:54:14,9.81,0.0,100,98100,卖盘
13:54:17,9.81,0.0,1,981,卖盘
13:54:29,9.82,0.01,20,19640,买盘
13:54:41,9.82,0.0,190,186580,买盘
13:54:44,9.82,0.0,1,982,卖盘
13:54:53,9.83,0.01,2,1966,买盘
13:54:56,9.83,0.0,71,69793,买盘
13:54:59,9.83,0.0,34,33420,买盘
13:55:02,9.84,0.01,3,2952,买盘
13:55:17,9.85,0.01,44,43340,买盘
13:55:20,9.85,0.0,8,7880,卖盘
13:55:29,9.85,0.0,7,6895,买盘
13:55:35,9.85,0.0,49,48265,卖盘
13:55:41,9.84,-0.01,20,19680,卖盘
13:55:53,9.85,0.01,16,15750,买盘
13:56:02,9.84,-0.01,83,81623,买盘
13:56:05,9.84,0.0,3,2952,卖盘
13:56:11,9.85,0.01,20,19700,买盘
13:56:14,9.84,-0.01,1,984,卖盘
13:56:29,9.85,0.01,6,5910,买盘
13:56:35,9.85,0.0,180,177300,买盘
13:56:44,9.85,0.0,20,19700,卖盘
13:56:59,9.85,0.0,185,182225,买盘
13:57:02,9.85,0.0,2,1970,卖盘
13:57:20,9.85,0.0,26,25610,卖盘
13:57:47,9.84,-0.01,11,10834,卖盘
13:58:02,9.84,0.0,100,98400,卖盘
13:58:05,9.84,0.0,47,46239,卖盘
13:58:08,9.85,0.01,144,141715,买盘
13:58:11,9.84,-0.01,5,4920,中性盘
13:58:14,9.84,0.0,1,984,卖盘
13:58:20,9.85,0.01,6,5910,买盘
13:58:29,9.84,-0.01,14,13776,卖盘
13:58:50,9.84,0.0,10,9840,买盘
13:59:02,9.83,-0.01,20,19660,卖盘
13:59:05,9.83,0.0,5,4915,卖盘
13:59:11,9.83,0.0,2,1966,卖盘
13:59:20,9.83,0.0,27,26541,卖盘
13:59:35,9.83,0.0,24,23592,买盘
13:59:53,9.82,-0.01,11,10802,卖盘
13:59:56,9.83,0.01,3,2949,买盘
14:00:02,9.82,-0.01,18,17676,卖盘
14:00:08,9.82,0.0,9,8838,卖盘
14:00:11,9.82,0.0,1,982,卖盘
14:00:20,9.83,0.01,40,39320,买盘
14:00:23,9.83,0.0,6,5898,买盘
14:00:32,9.83,0.0,23,22609,买盘
14:00:38,9.83,0.0,22,21626,买盘
14:00:41,9.83,0.0,4,3932,买盘
14:00:50,9.83,0.0,7,6881,买盘
14:00:56,9.83,0.0,3,2949,买盘
14:00:59,9.83,0.0,12,11796,买盘
14:01:02,9.83,0.0,68,66809,买盘
14:01:05,9.83,0.0,32,31456,买盘
14:01:08,9.83,0.0,4,3932,买盘
14:01:11,9.83,0.0,5,4915,买盘
14:01:14,9.83,0.0,9,8847,买盘
14:01:35,9.83,0.0,11,10823,卖盘
14:02:11,9.84,0.01,24,23616,买盘
14:02:23,9.84,0.0,57,56088,买盘
14:02:29,9.84,0.0,5,4920,买盘
14:02:32,9.84,0.0,10,9840,买盘
14:02:35,9.84,0.0,23,22632,买盘
14:03:02,9.84,0.0,9,8856,卖盘
14:03:05,9.84,0.0,1,984,卖盘
14:03:35,9.84,0.0,7,6888,卖盘
14:03:56,9.85,0.01,5,4925,买盘
14:03:59,9.85,0.0,8,7880,买盘
14:04:02,9.84,-0.01,13,12792,卖盘
14:04:05,9.85,0.01,7,6895,买盘
14:04:08,9.85,0.0,5,4925,卖盘
14:04:14,9.84,-0.01,19,18696,卖盘
14:04:17,9.84,0.0,6,5904,卖盘
14:04:20,9.84,0.0,3,2952,卖盘
14:04:32,9.84,0.0,2,1968,卖盘
14:04:35,9.84,0.0,1,984,卖盘
14:04:44,9.84,0.0,67,65928,卖盘
14:04:47,9.84,0.0,2,1967,买盘
14:04:50,9.84,0.0,62,61008,买盘
14:05:02,9.83,-0.01,1,983,卖盘
14:05:05,9.83,0.0,24,23592,卖盘
14:05:08,9.84,0.01,229,225336,买盘
14:05:11,9.85,0.01,38,37428,买盘
14:05:20,9.86,0.01,3,2958,买盘
14:05:29,9.86,0.0,3,2958,买盘
14:05:32,9.86,0.0,8,7888,买盘
14:05:38,9.86,0.0,6,5916,卖盘
14:05:41,9.86,0.0,1,986,卖盘
14:05:53,9.86,0.0,10,9860,卖盘
14:05:59,9.87,0.01,3,2961,买盘
14:06:02,9.86,-0.01,1,986,中性盘
14:06:17,9.86,0.0,134,132234,卖盘
14:06:20,9.86,0.0,9,8880,卖盘
14:06:32,9.85,-0.01,1,985,卖盘
14:06:38,9.85,0.0,6,5910,卖盘
14:06:47,9.86,0.01,24,23664,买盘
14:06:56,9.86,0.0,15,14790,卖盘
14:07:02,9.87,0.01,6,5921,买盘
14:07:05,9.88,0.01,19,18772,买盘
14:07:08,9.87,-0.01,1,987,卖盘
14:07:20,9.87,0.0,19,18762,卖盘
14:07:29,9.88,0.01,14,13832,买盘
14:07:32,9.88,0.0,4,3952,买盘
14:08:02,9.88,0.0,86,84885,买盘
14:08:05,9.87,-0.01,2,1974,卖盘
14:08:20,9.87,0.0,3,2961,卖盘
14:08:29,9.87,0.0,45,44415,买盘
14:08:32,9.87,0.0,1,987,卖盘
14:08:59,9.88,0.01,4,3952,买盘
14:09:02,9.87,-0.01,38,37506,卖盘
14:09:11,9.87,0.0,1,987,卖盘
14:09:17,9.88,0.01,20,19760,买盘
14:09:26,9.9,0.02,303,299812,买盘
14:09:29,9.88,-0.02,6,5925,中性盘
14:09:32,9.9,0.02,14,13838,买盘
14:10:02,9.87,-0.03,14,13818,卖盘
14:10:44,9.88,0.01,3,2964,买盘
14:10:50,9.88,0.0,23,22724,卖盘
14:11:02,9.89,0.01,10,9890,买盘
14:11:11,9.89,0.0,4,3956,买盘
14:11:17,9.89,0.0,50,49450,买盘
14:11:20,9.88,-0.01,1,988,卖盘
14:11:29,9.89,0.01,1,989,买盘
14:11:38,9.89,0.0,21,20769,卖盘
14:11:53,9.88,-0.01,6,5928,卖盘
14:12:29,9.88,0.0,22,21736,卖盘
14:12:32,9.88,0.0,3,2966,卖盘
14:12:53,9.88,0.0,40,39520,卖盘
14:12:59,9.88,0.0,27,26676,卖盘
14:13:11,9.88,0.0,3,2964,卖盘
14:13:26,9.88,0.0,12,11856,卖盘
14:13:44,9.88,0.0,82,81016,卖盘
14:13:47,9.87,-0.01,2,1974,卖盘
14:13:59,9.88,0.01,1,988,买盘
14:14:02,9.87,-0.01,1,987,卖盘
14:14:20,9.88,0.01,100,98800,买盘
14:14:23,9.88,0.0,18,17783,买盘
14:14:32,9.88,0.0,7,6916,买盘
14:14:38,9.88,0.0,1,988,中性盘
14:14:41,9.88,0.0,2,1976,卖盘
14:15:02,9.88,0.0,103,101764,卖盘
14:15:05,9.88,0.0,6,5928,卖盘
14:15:17,9.88,0.0,2,1976,卖盘
14:15:26,9.88,0.0,11,10868,卖盘
14:15:47,9.88,0.0,34,33592,卖盘
14:15:53,9.88,0.0,1,988,买盘
14:15:59,9.87,-0.01,1,987,卖盘
14:16:02,9.88,0.01,96,94848,买盘
14:16:05,9.87,-0.01,96,94818,卖盘
14:16:08,9.88,0.01,1,988,中性盘
14:16:11,9.89,0.01,261,258126,买盘
14:16:41,9.89,0.0,10,9890,买盘
14:17:05,9.88,-0.01,11,10868,卖盘
14:17:08,9.89,0.01,100,98900,买盘
14:17:14,9.89,0.0,48,47472,买盘
14:17:17,9.89,0.0,127,125603,买盘
14:17:20,9.88,-0.01,14,13837,卖盘
14:17:26,9.88,0.0,199,197004,卖盘
14:18:05,9.89,0.01,10,9890,卖盘
14:18:08,9.89,0.0,11,10879,卖盘
14:18:11,9.89,0.0,4,3956,卖盘
14:18:23,9.9,0.01,4,3960,买盘
14:18:53,9.9,0.0,20,19800,买盘
14:19:11,9.9,0.0,15,14850,买盘
14:19:17,9.88,-0.02,105,103809,卖盘
14:19:20,9.88,0.0,2,1976,卖盘
14:20:02,9.89,0.01,7,6923,买盘
14:20:14,9.88,-0.01,1,988,卖盘
14:20:20,9.89,0.01,124,122636,买盘
14:20:23,9.89,0.0,71,70219,买盘
14:20:26,9.89,0.0,2,1978,卖盘
14:20:32,9.89,0.0,33,32637,卖盘
14:20:35,9.89,0.0,1,989,买盘
14:20:44,9.89,0.0,6,5934,买盘
14:20:47,9.89,0.0,1,989,买盘
14:21:02,9.89,0.0,5,4945,买盘
14:21:05,9.89,0.0,2,1978,买盘
14:21:08,9.89,0.0,77,76153,买盘
14:21:11,9.89,0.0,86,85054,买盘
14:21:14,9.89,0.0,61,60343,买盘
14:21:32,9.88,-0.01,1,988,卖盘
14:21:44,9.88,0.0,100,98800,卖盘
14:21:50,9.89,0.01,52,51428,买盘
14:21:53,9.89,0.0,3,2967,卖盘
14:22:14,9.89,0.0,86,85054,卖盘
14:22:17,9.89,0.0,8,7912,买盘
14:22:23,9.89,0.0,1,989,买盘
14:22:53,9.89,0.0,1,989,买盘
14:22:56,9.89,0.0,22,21758,买盘
14:23:11,9.89,0.0,5,4945,买盘
14:23:14,9.9,0.01,161,159374,买盘
14:23:17,9.89,-0.01,1,989,卖盘
14:23:29,9.9,0.01,1,990,买盘
14:23:35,9.9,0.0,10,9900,买盘
14:24:14,9.9,0.0,2,1980,买盘
14:24:23,9.89,-0.01,1,989,卖盘
14:24:29,9.89,0.0,5,4945,卖盘
14:24:32,9.89,0.0,1,989,卖盘
14:24:35,9.9,0.01,1,990,买盘
14:24:44,9.89,-0.01,5,4945,卖盘
14:24:56,9.9,0.01,9,8910,买盘
14:25:02,9.89,-0.01,3,2967,卖盘
14:25:05,9.89,0.0,30,29693,卖盘
14:25:11,9.89,0.0,4,3959,卖盘
14:25:14,9.9,0.01,27,26730,买盘
14:25:20,9.9,0.0,20,19800,买盘
14:25:59,9.89,-0.01,15,14835,卖盘
14:26:02,9.89,0.0,2,1978,买盘
14:26:11,9.89,0.0,3,2967,买盘
14:26:17,9.89,0.0,1,989,卖盘
14:26:47,9.89,0.0,12,11868,卖盘
14:26:56,9.9,0.01,103,101970,买盘
14:27:20,9.9,0.0,3,2970,买盘
14:27:41,9.89,-0.01,17,16813,卖盘
14:27:47,9.89,0.0,1,989,卖盘
14:28:20,9.89,0.0,15,14835,卖盘
14:28:29,9.89,0.0,2,1978,卖盘
14:29:02,9.89,0.0,1,989,卖盘
14:29:17,9.89,0.0,3,2967,卖盘
14:29:29,9.9,0.01,1,990,买盘
14:29:50,9.88,-0.02,193,190875,卖盘
14:30:11,9.88,0.0,19,18772,卖盘
14:30:14,9.89,0.01,6,5934,买盘
14:30:32,9.89,0.0,18,17802,买盘
14:30:35,9.89,0.0,2,1978,卖盘
14:30:50,9.89,0.0,10,9890,卖盘
14:31:38,9.89,0.0,53,52419,卖盘
14:31:41,9.88,-0.01,74,73183,卖盘
14:31:56,9.89,0.01,10,9890,买盘
14:32:08,9.87,-0.02,300,296330,卖盘
14:32:11,9.87,0.0,1,987,卖盘
14:32:14,9.87,0.0,1,987,卖盘
14:32:17,9.88,0.01,30,29640,买盘
14:32:20,9.87,-0.01,1,987,卖盘
14:32:23,9.87,0.0,4,3948,卖盘
14:32:26,9.87,0.0,11,10867,卖盘
14:32:38,9.88,0.01,15,14820,买盘
14:32:47,9.88,0.0,1,988,卖盘
14:32:50,9.89,0.01,8,7912,买盘
14:32:53,9.89,0.0,4,3956,卖盘
14:32:56,9.89,0.0,2,1978,卖盘
14:32:59,9.89,0.0,2,1978,卖盘
14:33:02,9.89,0.0,31,30659,卖盘
14:33:05,9.89,0.0,2,1978,卖盘
14:33:11,9.89,0.0,172,170278,中性盘
14:33:26,9.89,0.0,3,2967,买盘
14:34:11,9.88,-0.01,1,988,卖盘
14:34:14,9.89,0.01,10,9890,买盘
14:34:29,9.89,0.0,11,10879,买盘
14:34:38,9.88,-0.01,9,8892,卖盘
14:34:59,9.88,0.0,301,297388,卖盘
14:35:02,9.89,0.01,104,102755,买盘
14:35:05,9.89,0.0,19,18787,买盘
14:35:11,9.88,-0.01,3,2964,卖盘
14:35:14,9.88,0.0,38,37544,卖盘
14:35:26,9.88,0.0,42,41496,卖盘
14:35:29,9.88,0.0,3,2964,买盘
14:35:32,9.88,0.0,3,2964,买盘
14:35:41,9.88,0.0,46,45448,买盘
14:35:44,9.88,0.0,15,14820,买盘
14:35:47,9.88,0.0,12,11856,买盘
14:35:50,9.87,-0.01,1,987,卖盘
14:36:05,9.88,0.01,2,1976,买盘
14:36:08,9.88,0.0,241,238108,买盘
14:36:11,9.88,0.0,7,6916,卖盘
14:36:14,9.88,0.0,1,988,卖盘
14:36:20,9.87,-0.01,100,98767,卖盘
14:36:23,9.87,0.0,1,987,卖盘
14:36:59,9.88,0.01,6,5928,卖盘
14:37:02,9.87,-0.01,8,7897,卖盘
14:37:11,9.88,0.01,1,988,卖盘
14:37:23,9.88,0.0,10,9880,卖盘
14:37:26,9.88,0.0,9,8892,卖盘
14:37:35,9.88,0.0,50,49400,卖盘
14:37:38,9.87,-0.01,5,4936,卖盘
14:37:41,9.88,0.01,1,988,卖盘
14:37:44,9.89,0.01,64,63296,买盘
14:37:47,9.89,0.0,12,11868,买盘
14:37:50,9.89,0.0,2,1978,买盘
14:37:53,9.89,0.0,1,989,买盘
14:38:02,9.88,-0.01,43,42484,卖盘
14:38:05,9.88,0.0,5,4940,卖盘
14:38:11,9.89,0.01,4,3956,买盘
14:38:14,9.89,0.0,6,5932,买盘
14:38:17,9.89,0.0,7,6923,买盘
14:38:23,9.89,0.0,12,11868,买盘
14:38:26,9.89,0.0,48,47469,买盘
14:38:29,9.89,0.0,5,4945,买盘
14:38:32,9.89,0.0,48,47472,买盘
14:38:35,9.89,0.0,2,1978,买盘
14:38:38,9.89,0.0,5,4944,买盘
14:38:44,9.89,0.0,1,989,买盘
14:38:47,9.89,0.0,40,39560,买盘
14:38:50,9.89,0.0,3,2967,买盘
14:38:53,9.89,0.0,2,1977,买盘
14:38:56,9.89,0.0,2,1978,买盘
14:39:02,9.89,0.0,23,22747,买盘
14:39:17,9.88,-0.01,1,988,卖盘
14:39:29,9.88,0.0,10,9880,卖盘
14:39:35,9.88,0.0,33,32604,卖盘
14:39:41,9.88,0.0,1,988,卖盘
14:39:50,9.89,0.01,2,1978,买盘
14:39:59,9.89,0.0,11,10879,买盘
14:40:11,9.88,-0.01,32,31617,卖盘
14:40:14,9.89,0.01,2,1977,买盘
14:40:23,9.89,0.0,1,989,买盘
14:40:29,9.89,0.0,1,989,买盘
14:40:35,9.89,0.0,56,55384,买盘
14:40:38,9.89,0.0,4,3956,买盘
14:40:41,9.89,0.0,67,66263,买盘
14:40:44,9.89,0.0,3,2965,买盘
14:40:47,9.89,0.0,65,64285,买盘
14:40:50,9.89,0.0,42,41538,卖盘
14:40:59,9.88,-0.01,6,5928,卖盘
14:41:08,9.89,0.01,40,39550,买盘
14:41:11,9.88,-0.01,27,26690,卖盘
14:41:14,9.89,0.01,106,104828,买盘
14:41:29,9.9,0.01,27,26730,买盘
14:41:32,9.89,-0.01,40,39599,卖盘
14:41:41,9.9,0.01,42,41580,买盘
14:41:50,9.9,0.0,1,990,买盘
14:41:53,9.9,0.0,2,1980,买盘
14:42:02,9.9,0.0,5,4950,买盘
14:42:14,9.89,-0.01,10,9890,卖盘
14:42:17,9.9,0.01,7,6930,买盘
14:42:23,9.89,-0.01,31,30669,卖盘
14:42:26,9.9,0.01,313,309870,买盘
14:42:29,9.89,-0.01,20,19798,卖盘
14:42:32,9.9,0.01,80,79200,中性盘
14:42:35,9.9,0.0,24,23760,卖盘
14:42:38,9.9,0.0,14,13860,卖盘
14:42:41,9.9,0.0,12,11880,买盘
14:42:47,9.9,0.0,26,25740,卖盘
14:42:50,9.9,0.0,1,990,买盘
14:42:53,9.9,0.0,5,4950,买盘
14:42:59,9.9,0.0,44,43534,买盘
14:43:02,9.9,0.0,9,8910,卖盘
14:43:14,9.9,0.0,4,3960,卖盘
14:43:20,9.9,0.0,2,1980,卖盘
14:43:23,9.9,0.0,15,14851,卖盘
14:43:35,9.91,0.01,5,4955,买盘
14:43:41,9.91,0.0,7,6937,买盘
14:43:47,9.9,-0.01,2,1980,卖盘
14:43:53,9.9,0.0,36,35640,卖盘
14:43:56,9.9,0.0,275,272250,卖盘
14:43:59,9.89,-0.01,2,1978,卖盘
14:44:02,9.9,0.01,1,990,买盘
14:44:11,9.9,0.0,16,15840,买盘
14:44:20,9.9,0.0,10,9900,买盘
14:44:23,9.9,0.0,20,19800,买盘
14:44:50,9.9,0.0,3,2970,买盘
14:44:53,9.9,0.0,1,990,买盘
14:44:59,9.9,0.0,20,19800,买盘
14:45:02,9.89,-0.01,7,6923,卖盘
14:45:05,9.9,0.01,28,27720,买盘
14:45:11,9.9,0.0,31,30690,买盘
14:45:14,9.89,-0.01,1,989,卖盘
14:45:17,9.89,0.0,3,2967,卖盘
14:45:23,9.9,0.01,99,97979,买盘
14:45:29,9.89,-0.01,1,989,卖盘
14:45:32,9.9,0.01,1,990,买盘
14:46:02,9.89,-0.01,5,4945,卖盘
14:46:05,9.89,0.0,3,2967,卖盘
14:46:11,9.9,0.01,13,12870,买盘
14:46:14,9.9,0.0,13,12870,买盘
14:46:17,9.9,0.0,1,990,买盘
14:46:20,9.9,0.0,9,8910,买盘
14:46:23,9.9,0.0,1,990,买盘
14:46:26,9.9,0.0,14,13860,买盘
14:46:32,9.9,0.0,87,86130,买盘
14:46:35,9.9,0.0,1,990,买盘
14:46:38,9.89,-0.01,17,16820,卖盘
14:46:41,9.89,0.0,25,24725,卖盘
14:46:50,9.89,0.0,1,989,卖盘
14:46:53,9.89,0.0,43,42530,卖盘
14:47:02,9.9,0.01,3,2970,买盘
14:47:05,9.9,0.0,1,990,买盘
14:47:08,9.9,0.0,2,1980,买盘
14:47:17,9.9,0.0,2,1980,买盘
14:47:29,9.89,-0.01,97,95979,卖盘
14:47:35,9.89,0.0,303,299667,卖盘
14:47:38,9.89,0.0,3,2967,卖盘
14:47:50,9.89,0.0,1,989,卖盘
14:48:02,9.9,0.01,1,990,买盘
14:48:17,9.9,0.0,5,4950,买盘
14:48:20,9.89,-0.01,3,2967,卖盘
14:48:38,9.89,0.0,14,13846,卖盘
14:48:41,9.89,0.0,20,19780,卖盘
14:48:53,9.9,0.01,1,990,买盘
14:49:05,9.89,-0.01,2,1978,卖盘
14:49:14,9.9,0.01,29,28710,买盘
14:49:29,9.9,0.0,3,2970,买盘
14:49:38,9.9,0.0,20,19800,买盘
14:49:47,9.91,0.01,294,291084,买盘
14:49:50,9.9,-0.01,1,990,卖盘
14:49:53,9.91,0.01,1,991,买盘
14:50:02,9.9,-0.01,27,26730,卖盘
14:50:05,9.91,0.01,229,226711,买盘
14:50:08,9.9,-0.01,21,20790,买盘
14:50:11,9.9,0.0,4,3960,卖盘
14:50:14,9.89,-0.01,7,6928,卖盘
14:50:17,9.89,0.0,6,5935,卖盘
14:50:23,9.9,0.01,1,990,买盘
14:50:32,9.9,0.0,1,990,买盘
14:50:35,9.9,0.0,74,73260,买盘
14:50:44,9.9,0.0,20,19800,卖盘
14:50:47,9.91,0.01,72,71352,买盘
14:50:53,9.9,-0.01,28,27720,卖盘
14:51:05,9.91,0.01,13,12883,买盘
14:51:17,9.91,0.0,1,991,买盘
14:51:29,9.91,0.0,549,544059,买盘
14:51:32,9.91,0.0,2,1982,卖盘
14:51:35,9.91,0.0,75,74325,卖盘
14:51:41,9.91,0.0,7,6937,卖盘
14:51:44,9.92,0.01,10,9920,买盘
14:51:47,9.92,0.0,10,9920,买盘
14:51:50,9.92,0.0,2,1984,买盘
14:51:56,9.92,0.0,101,100191,买盘
14:52:02,9.9,-0.02,10,9910,卖盘
14:52:05,9.91,0.01,3,2975,卖盘
14:52:08,9.91,0.0,10,9910,卖盘
14:52:11,9.91,0.0,10,9910,买盘
14:52:20,9.91,0.0,16,15856,卖盘
14:52:29,9.91,0.0,12,11892,买盘
14:52:32,9.9,-0.01,1,990,卖盘
14:52:35,9.91,0.01,1,991,买盘
14:52:38,9.91,0.0,4,3964,买盘
14:52:41,9.9,-0.01,4,3960,卖盘
14:52:47,9.91,0.01,9,8919,买盘
14:52:50,9.91,0.0,2,1982,卖盘
14:52:56,9.91,0.0,1,991,买盘
14:52:59,9.91,0.0,84,83244,买盘
14:53:02,9.91,0.0,8,7931,卖盘
14:53:11,9.92,0.01,1,992,买盘
14:53:20,9.91,-0.01,13,12884,卖盘
14:53:23,9.91,0.0,3,2973,卖盘
14:53:26,9.91,0.0,10,9910,卖盘
14:53:29,9.91,0.0,1,991,卖盘
14:53:35,9.92,0.01,16,15871,买盘
14:53:41,9.92,0.0,13,12896,买盘
14:53:47,9.92,0.0,2,1984,买盘
14:53:50,9.92,0.0,22,21824,买盘
14:54:02,9.92,0.0,20,19840,买盘
14:54:05,9.91,-0.01,228,225939,卖盘
14:54:08,9.92,0.01,57,56520,买盘
14:54:14,9.92,0.0,8,7936,买盘
14:54:20,9.92,0.0,5,4960,买盘
14:54:26,9.91,-0.01,1,991,中性盘
14:54:35,9.91,0.0,2,1983,中性盘
14:54:38,9.91,0.0,2,1982,买盘
14:54:41,9.9,-0.01,9,8917,卖盘
14:54:44,9.91,0.01,1,991,中性盘
14:54:47,9.92,0.01,30,29758,买盘
14:54:56,9.91,-0.01,6,5946,卖盘
14:55:02,9.92,0.01,10,9920,买盘
14:55:05,9.91,-0.01,9,8919,卖盘
14:55:08,9.92,0.01,184,182397,买盘
14:55:11,9.91,-0.01,10,9910,卖盘
14:55:14,9.91,0.0,6,5946,卖盘
14:55:20,9.91,0.0,10,9910,卖盘
14:55:23,9.91,0.0,18,17838,卖盘
14:55:26,9.91,0.0,6,5946,卖盘
14:55:38,9.91,0.0,120,118920,卖盘
14:55:41,9.92,0.01,194,192405,买盘
14:55:44,9.92,0.0,5,4960,卖盘
14:55:47,9.92,0.0,103,102205,卖盘
14:55:56,9.91,-0.01,1,991,卖盘
14:55:59,9.92,0.01,16,15863,买盘
14:56:02,9.92,0.0,4,3968,买盘
14:56:05,9.92,0.0,10,9920,买盘
14:56:08,9.92,0.0,1,992,买盘
14:56:14,9.91,-0.01,8,7933,卖盘
14:56:17,9.92,0.01,1,992,买盘
14:56:23,9.92,0.0,4,3968,买盘
14:56:29,9.92,0.0,50,49600,买盘
14:56:32,9.91,-0.01,2,1982,卖盘
14:56:35,9.92,0.01,5,4960,买盘
14:56:38,9.92,0.0,40,39680,买盘
14:56:41,9.92,0.0,28,27776,买盘
14:56:44,9.92,0.0,126,124944,买盘
14:56:47,9.92,0.0,128,126869,卖盘
14:56:50,9.91,-0.01,160,158560,卖盘
14:56:53,9.91,0.0,10,9910,买盘
14:56:59,9.91,0.0,7,6937,买盘
15:00:02,9.91,0.0,659,653069,买盘
